source_id,filename,source_path,title,isbn,first_author,main_category,sub_category,status,destination_path,notes,updated_at,copy_status
SRC-000001,A First Course in Coding Theory by R. A. Hill.pdf,D:\Readings\A First Course in Coding Theory by R. A. Hill.pdf,A First Course in Coding Theory,0198538030,R. A. Hill,01-algebra,abstract-algebra,pending,,classifier=abstract-algebra | flags=ambiguous_subject;manual_subject_review,2026-06-26T00:22:25+00:00,
SRC-000002,2019  Contemporary Abstract Algebra 7ed - Gallian.pdf,D:\Readings\Algebra\2019  Contemporary Abstract Algebra 7ed - Gallian.pdf,Contemporary Abstract Algebra,9780547165097,Gallian,01-algebra,abstract-algebra,pending,,classifier=abstract-algebra | local_bib=volume-iv-mathematical-spaces,2026-06-26T00:22:25+00:00,
SRC-000003,A Book Of Abstract Algebra - Pinter.pdf,D:\Readings\Algebra\A Book Of Abstract Algebra - Pinter.pdf,A Book Of Abstract Algebra,9780486474175,Pinter,01-algebra,abstract-algebra,pending,,classifier=abstract-algebra,2026-06-26T00:22:25+00:00,
SRC-000005,A Course in Universal Algebra - Burris.pdf,D:\Readings\Algebra\A Course in Universal Algebra - Burris.pdf,A Course in Universal Algebra,,Burris,01-algebra,abstract-algebra,pending,,classifier=abstract-algebra,2026-06-26T00:22:25+00:00,
SRC-000006,A first Course in Group Theory - Davvaz.pdf,D:\Readings\Algebra\A first Course in Group Theory - Davvaz.pdf,A first Course in Group Theory,9789811663642,Davvaz,01-algebra,abstract-algebra,pending,,classifier=abstract-algebra | local_bib=volume-iv-mathematical-spaces | flags=ambiguous_subject,2026-06-26T00:22:25+00:00,
SRC-000007,A Gentle Introduction to Group Theory - Subaiei.pdf,D:\Readings\Algebra\A Gentle Introduction to Group Theory - Subaiei.pdf,A Gentle Introduction to Group Theory,9789819901463,Subaiei,01-algebra,abstract-algebra,pending,,classifier=abstract-algebra | local_bib=volume-iv-mathematical-spaces | flags=ambiguous_subject;manual_subject_review,2026-06-26T00:22:25+00:00,
SRC-000008,A Survey of Modern Algebra - Birkhoff.pdf,D:\Readings\Algebra\A Survey of Modern Algebra - Birkhoff.pdf,A Survey of Modern Algebra,,Birkhoff,11-reference-and-miscellaneous,uncategorized,pending,,classifier=unknown | flags=manual_subject_review;missing_toc;needs_ocr;unknown_subject,2026-06-26T00:22:25+00:00,
SRC-000009,Abstract Algebra - Basic Graduate - Ash.pdf,D:\Readings\Algebra\Abstract Algebra - Basic Graduate - Ash.pdf,Abstract Algebra - Basic Graduate,,Ash,01-algebra,abstract-algebra,pending,,classifier=abstract-algebra,2026-06-26T00:22:25+00:00,
SRC-000010,Abstract Algebra Theory and Applications - Judson.pdf,D:\Readings\Algebra\Abstract Algebra Theory and Applications - Judson.pdf,Abstract Algebra Theory and Applications,,Judson,01-algebra,abstract-algebra,pending,,classifier=abstract-algebra,2026-06-26T00:22:25+00:00,
SRC-000011,Algebra Chapter 0 - Aluffi.pdf,D:\Readings\Algebra\Algebra Chapter 0 - Aluffi.pdf,Algebra Chapter 0,9780821847817,Aluffi,01-algebra,abstract-algebra,pending,,classifier=abstract-algebra | local_bib=volume-iv-mathematical-spaces,2026-06-26T00:22:25+00:00,
SRC-000012,Algebra I - Gorodentsev.pdf,D:\Readings\Algebra\Algebra I - Gorodentsev.pdf,Algebra I,9783319452845,Gorodentsev,01-algebra,abstract-algebra,pending,,classifier=abstract-algebra | local_bib=volume-iv-mathematical-spaces,2026-06-26T00:22:25+00:00,
SRC-000014,Algebra Notes From the Underground - Aluffi.pdf,D:\Readings\Algebra\Algebra Notes From the Underground - Aluffi.pdf,Algebra,9781108955911,Aluffi,01-algebra,abstract-algebra,pending,,classifier=abstract-algebra,2026-06-26T00:22:25+00:00,
SRC-000015,An Introduction to Module Theory - Assem.pdf,D:\Readings\Algebra\An Introduction to Module Theory - Assem.pdf,An Introduction to Module Theory,9780198904908,Assem,04-topology-and-geometry,differential-geometry,pending,,classifier=differential-geometry | flags=ambiguous_subject;manual_subject_review,2026-06-26T00:22:25+00:00,
SRC-000016,An Invitation to General Algebra and Universal Constructions - Bergman.pdf,D:\Readings\Algebra\An Invitation to General Algebra and Universal Constructions - Bergman.pdf,An Invitation to General Algebra and Universal Constructions,,Bergman,00-foundations,category-theory,pending,,classifier=category-theory | local_bib=volume-iv-mathematical-spaces,2026-06-26T00:22:25+00:00,
SRC-000017,Ancient Mathematics - Herrmann.pdf,D:\Readings\Algebra\Ancient Mathematics - Herrmann.pdf,Ancient Mathematics,9783662664933,Herrmann,08-applied-and-computational-mathematics,numerical-analysis,pending,,classifier=numerical-analysis | flags=ambiguous_subject;manual_subject_review,2026-06-26T00:22:25+00:00,
SRC-000020,Introduction to Boolean Algebras - Halmos.pdf,D:\Readings\Algebra\Introduction to Boolean Algebras - Halmos.pdf,Introduction to Boolean Algebras,9780387402932,Halmos,04-topology-and-geometry,point-set-topology,pending,,classifier=topology | local_bib=volume-iv-mathematical-spaces,2026-06-26T00:22:25+00:00,
SRC-000021,Introduction to Ring and Module Theory - Facchini.pdf,D:\Readings\Algebra\Introduction to Ring and Module Theory - Facchini.pdf,Introduction to Ring and Module Theory,9783031825088,Facchini,01-algebra,abstract-algebra,pending,,classifier=abstract-algebra | local_bib=volume-iv-mathematical-spaces,2026-06-26T00:22:25+00:00,
SRC-000022,Lectures on ABstract ALgebra - Preliminary Version - Elman.pdf,D:\Readings\Algebra\Lectures on ABstract ALgebra - Preliminary Version - Elman.pdf,Lectures on ABstract ALgebra - Preliminary Version,,Elman,01-algebra,abstract-algebra,pending,,classifier=abstract-algebra,2026-06-26T00:22:25+00:00,
SRC-000023,Linear Algebra Done Right 4e - Axler.pdf,D:\Readings\Algebra\Linear Algebra Done Right 4e - Axler.pdf,Linear Algebra Done Right,,Axler,01-algebra,linear-algebra,pending,,classifier=linear-algebra | local_bib=volume-iv-mathematical-spaces,2026-06-26T00:22:25+00:00,
SRC-000025,Mathematical Structures - Hilgert.pdf,D:\Readings\Algebra\Mathematical Structures - Hilgert.pdf,Mathematical Structures,9783662694114,Hilgert,01-algebra,abstract-algebra,pending,,classifier=abstract-algebra | flags=ambiguous_subject;manual_subject_review,2026-06-26T00:22:25+00:00,
SRC-000027,Undergraduate Algbraic Geometry - Reid.pdf,D:\Readings\Algebra\Undergraduate Algbraic Geometry - Reid.pdf,Undergraduate Algbraic Geometry,,Reid,04-topology-and-geometry,point-set-topology,pending,,classifier=topology | flags=ambiguous_subject;manual_subject_review,2026-06-26T00:22:25+00:00,
SRC-000028,Undergraduate Algebra - Lang.pdf,D:\Readings\Algebra\Undergraduate Algebra - Lang.pdf,Undergraduate Algebra,9781468492347,Lang,01-algebra,abstract-algebra,pending,,classifier=abstract-algebra | local_bib=volume-iv-mathematical-spaces,2026-06-26T00:22:25+00:00,
SRC-000029,104.pdf,D:\Readings\Analysis\104.pdf,104,,,03-analysis,real-analysis,pending,,classifier=real-analysis,2026-06-26T00:22:25+00:00,
SRC-000030,1103038644.pdf,D:\Readings\Analysis\1103038644.pdf,1103038644,,M. Frechet,01-algebra,abstract-algebra,pending,,classifier=abstract-algebra | flags=ambiguous_subject;manual_subject_review;missing_toc,2026-06-26T00:22:25+00:00,
SRC-000031,1508.05639v1.pdf,D:\Readings\Analysis\1508.05639v1.pdf,1508.05639v1,,,03-analysis,calculus,pending,,classifier=calculus | flags=manual_subject_review,2026-06-26T00:22:25+00:00,
SRC-000032,17920-pdf.pdf,D:\Readings\Analysis\17920-pdf.pdf,17920-pdf,,Henry Fine This,03-analysis,real-analysis,pending,,classifier=real-analysis | flags=manual_subject_review,2026-06-26T00:22:25+00:00,
SRC-000033,A Brief History of Analysis - Spalt.pdf,D:\Readings\Analysis\A Brief History of Analysis - Spalt.pdf,A Brief History of Analysis,9783031006494,Spalt,03-analysis,real-analysis,pending,,classifier=real-analysis,2026-06-26T00:22:25+00:00,
SRC-000034,A Course in Combinatorics e2 - Lint.pdf,D:\Readings\Analysis\A Course in Combinatorics e2 - Lint.pdf,A Course in Combinatorics,9780511672897,Lint,07-discrete-mathematics-and-combinatorics,combinatorics,pending,,classifier=combinatorics-graph-theory | local_bib=volume-v-complex-analysis,2026-06-26T00:22:25+00:00,
SRC-000036,A Course in Modern Analysis and its Applications - Cohen.pdf,D:\Readings\Analysis\A Course in Modern Analysis and its Applications - Cohen.pdf,A Course in Modern Analysis and its Applications,9780511061660,Cohen,03-analysis,real-analysis,pending,,classifier=real-analysis | local_bib=volume-iii-bounds-sequences-and-series | flags=ambiguous_subject;manual_subject_review,2026-06-26T00:22:25+00:00,
SRC-000038,A Course in Multivariable Analysis - Ghorpade.pdf,D:\Readings\Analysis\A Course in Multivariable Analysis - Ghorpade.pdf,A Course in Multivariable Analysis,9781441916204,Ghorpade,03-analysis,calculus,pending,,classifier=calculus,2026-06-26T00:22:25+00:00,
SRC-000039,A Course on Optimal Control.pdf,D:\Readings\Analysis\A Course on Optimal Control.pdf,A Course on Optimal Control,9783031366543,,05-differential-equations-and-dynamical-systems,ordinary-differential-equations,pending,,classifier=ode-dynamical-systems | flags=ambiguous_subject,2026-06-26T00:22:25+00:00,
SRC-000040,a first course in category theory.pdf,D:\Readings\Analysis\a first course in category theory.pdf,a first course in category theory,9783031428982,Fonds Wetenschappelijk Onderzoek,00-foundations,category-theory,pending,,classifier=category-theory,2026-06-26T00:22:25+00:00,
SRC-000042,A First Course in Mathematical Modeling Fourth - 4e - Weir.pdf,D:\Readings\Analysis\A First Course in Mathematical Modeling Fourth - 4e - Weir.pdf,A First Course in Mathematical Modeling Fourth - 4e,,Weir,11-reference-and-miscellaneous,uncategorized,pending,,classifier=unknown | flags=manual_subject_review;missing_toc;needs_ocr;unknown_subject,2026-06-26T00:22:25+00:00,
SRC-000044,A Geometric Approach to Differential Forms - Bachman.pdf,D:\Readings\Analysis\A Geometric Approach to Differential Forms - Bachman.pdf,A Geometric Approach to Differential Forms,,Bachman,03-analysis,calculus,pending,,classifier=calculus,2026-06-26T00:22:25+00:00,
SRC-000045,A Journey Through Ergodic Theorems - Eisner.pdf,D:\Readings\Analysis\A Journey Through Ergodic Theorems - Eisner.pdf,A Journey Through Ergodic Theorems,,Eisner,03-analysis,functional-analysis,pending,,classifier=functional-analysis,2026-06-26T00:22:25+00:00,
SRC-000046,A Model–Theoretic Approach to Proof Theory - Kotlarsky.pdf,D:\Readings\Analysis\A Model–Theoretic Approach to Proof Theory - Kotlarsky.pdf,A Model–Theoretic Approach to Proof Theory,9781107197657,Kotlarsky,00-foundations,mathematical-logic,pending,,classifier=logic-model-theory,2026-06-26T00:22:25+00:00,
SRC-000047,A Problem Book in Real Analysis - Aksoy.pdf,D:\Readings\Analysis\A Problem Book in Real Analysis - Aksoy.pdf,A Problem Book in Real Analysis,9781441912954,Aksoy,03-analysis,real-analysis,pending,,classifier=real-analysis | local_bib=volume-iii-bounds-sequences-and-series,2026-06-26T00:22:25+00:00,
SRC-000049,A Radical Approach to Real Analysis - Bressoud.pdf,D:\Readings\Analysis\A Radical Approach to Real Analysis - Bressoud.pdf,A Radical Approach to Real Analysis,9781470469047,Bressoud,03-analysis,real-analysis,pending,,classifier=real-analysis | local_bib=volume-iii-bounds-sequences-and-series,2026-06-26T00:22:25+00:00,
SRC-000050,a-first-course-in-mathematical-modeling.pdf,D:\Readings\Analysis\a-first-course-in-mathematical-modeling.pdf,A First Course in Mathematical Modeling,9781285050904,Giordano,00-foundations,mathematical-logic,pending,,classifier=logic-model-theory | flags=ambiguous_subject;manual_subject_review,2026-06-26T00:22:25+00:00,
SRC-000051,AAAfinal.pdf,D:\Readings\Analysis\AAAfinal.pdf,AAAfinal,,,08-applied-and-computational-mathematics,numerical-analysis,pending,,classifier=numerical-analysis | flags=ambiguous_subject;manual_subject_review;missing_toc,2026-06-26T00:22:25+00:00,
SRC-000052,An Axiomatic Construction of the Real Number System.pdf,D:\Readings\Analysis\An Axiomatic Construction of the Real Number System.pdf,An Axiomatic Construction of the Real Number System,,Leonard Van Wyk,01-algebra,abstract-algebra,pending,,classifier=abstract-algebra | flags=ambiguous_subject;manual_subject_review,2026-06-26T00:22:25+00:00,
SRC-000053,An Introduction to Mathematical Analysis - Deo.pdf,D:\Readings\Analysis\An Introduction to Mathematical Analysis - Deo.pdf,Introduction to Mathematical Analysis,9789819765676,Deo,03-analysis,real-analysis,pending,,classifier=real-analysis | local_bib=volume-i-foundational-geometry,2026-06-26T00:22:25+00:00,
SRC-000054,An Introduction to Mathematical Logic - Hodel.pdf,D:\Readings\Analysis\An Introduction to Mathematical Logic - Hodel.pdf,An Introduction to Mathematical Logic,053494440X,Hodel,00-foundations,mathematical-logic,pending,,classifier=logic-model-theory,2026-06-26T00:22:25+00:00,
SRC-000055,An Introduction to Partial Differential Equations - Pinchover.pdf,D:\Readings\Analysis\An Introduction to Partial Differential Equations - Pinchover.pdf,An Introduction to Partial Differential Equations,9780521848862,Pinchover,05-differential-equations-and-dynamical-systems,partial-differential-equations,pending,,classifier=partial-differential-equations | local_bib=volume-vi-algebra,2026-06-26T00:22:25+00:00,
SRC-000057,An Introduction to Real Analysis - Hunter.pdf,D:\Readings\Analysis\An Introduction to Real Analysis - Hunter.pdf,An Introduction to Real Analysis,,Hunter,03-analysis,real-analysis,pending,,classifier=real-analysis,2026-06-26T00:22:25+00:00,
SRC-000058,Analysis 1 - Tao.pdf,D:\Readings\Analysis\Analysis 1 - Tao.pdf,Analysis 1,9789380250649,Tao,03-analysis,real-analysis,pending,,classifier=real-analysis | local_bib=volume-iii-bounds-sequences-and-series,2026-06-26T00:22:25+00:00,
SRC-000059,Analysis 2 - Tao.pdf,D:\Readings\Analysis\Analysis 2 - Tao.pdf,Analysis 2,9788195196128,Tao,03-analysis,real-analysis,pending,,classifier=real-analysis | local_bib=volume-iii-bounds-sequences-and-series | flags=ambiguous_subject;manual_subject_review,2026-06-26T00:22:25+00:00,
SRC-000062,Applied Stochastic Processes in Science and Engineering - Scott.pdf,D:\Readings\Analysis\Applied Stochastic Processes in Science and Engineering - Scott.pdf,Applied Stochastic Processes in Science and Engineering,,Scott,06-probability-statistics-and-information,stochastic-calculus,pending,,classifier=stochastic-calculus | local_bib=volume-iii-bounds-sequences-and-series | flags=ambiguous_subject;manual_subject_review,2026-06-26T00:22:25+00:00,
SRC-000063,Basic Analysis I - Lebl.pdf,D:\Readings\Analysis\Basic Analysis I - Lebl.pdf,Basic Analysis I,,Lebl,03-analysis,real-analysis,pending,,classifier=real-analysis,2026-06-26T00:22:25+00:00,
SRC-000064,Basic Analysis II - Lebl.pdf,D:\Readings\Analysis\Basic Analysis II - Lebl.pdf,Basic Analysis II,,Lebl,03-analysis,calculus,pending,,classifier=calculus | flags=ambiguous_subject;manual_subject_review,2026-06-26T00:22:25+00:00,
SRC-000065,Basic Mathematics - Serge Lang.pdf,D:\Readings\Analysis\Basic Mathematics - Serge Lang.pdf,Basic Mathematics,,Serge Lang,00-foundations,mathematical-logic,pending,,classifier=logic-model-theory | flags=manual_subject_review,2026-06-26T00:22:25+00:00,
SRC-000066,Basic Real Analysis - Knapp (1).pdf,D:\Readings\Analysis\Basic Real Analysis - Knapp (1).pdf,Basic Real Analysis,9780817632502,Knapp (1),03-analysis,real-analysis,pending,,classifier=real-analysis | local_bib=volume-iii-bounds-sequences-and-series,2026-06-26T00:22:25+00:00,
SRC-000068,Basic Real Analysis - Sohrab.pdf,D:\Readings\Analysis\Basic Real Analysis - Sohrab.pdf,Basic Real Analysis,9781493918409,Sohrab,03-analysis,real-analysis,pending,,classifier=real-analysis | local_bib=volume-iii-bounds-sequences-and-series,2026-06-26T00:22:25+00:00,
SRC-000070,bok%3A978-3-031-63190-0.pdf,D:\Readings\Analysis\bok%3A978-3-031-63190-0.pdf,Probability Theory I,9783031631894,Andrea Pascucci,06-probability-statistics-and-information,probability-theory,pending,,classifier=probability | local_bib=volume-iii-bounds-sequences-and-series,2026-06-26T00:22:25+00:00,
SRC-000071,Brownian Motion and Stochastic Calculus - Shreve.pdf,D:\Readings\Analysis\Brownian Motion and Stochastic Calculus - Shreve.pdf,Brownian Motion and Stochastic Calculus,9780387976556,Shreve,06-probability-statistics-and-information,stochastic-calculus,pending,,classifier=stochastic-calculus | local_bib=volume-iii-bounds-sequences-and-series,2026-06-26T00:22:25+00:00,
SRC-000072,Calculus 1 - Apostol.pdf,D:\Readings\Analysis\Calculus 1 - Apostol.pdf,Calculus 1,0471000051,Apostol,03-analysis,calculus,pending,,classifier=calculus,2026-06-26T00:22:25+00:00,
SRC-000073,Calculus by Michael Spivak.pdf,D:\Readings\Analysis\Calculus by Michael Spivak.pdf,Calculus,9780914098911,Michael Spivak,03-analysis,calculus,pending,,classifier=calculus | local_bib=volume-vi-algebra,2026-06-26T00:22:25+00:00,
SRC-000074,Calculus of Several Variables - Lang.pdf,D:\Readings\Analysis\Calculus of Several Variables - Lang.pdf,Calculus of Several Variables,9781461210689,Lang,03-analysis,calculus,pending,,classifier=calculus,2026-06-26T00:22:25+00:00,
SRC-000075,Calculus On Manifolds - Spivak.pdf,D:\Readings\Analysis\Calculus On Manifolds - Spivak.pdf,Calculus On Manifolds,,Spivak,03-analysis,calculus,pending,,classifier=calculus | flags=ambiguous_subject;manual_subject_review;missing_toc;needs_ocr,2026-06-26T00:22:25+00:00,
SRC-000076,Calculus to Analysis-Portnoy.pdf,D:\Readings\Analysis\Calculus to Analysis-Portnoy.pdf,Calculus to Analysis,9783031696619,Arturo Portnoy,03-analysis,calculus,pending,,classifier=calculus,2026-06-26T00:22:25+00:00,
SRC-000077,(Springer Undergraduate Mathematics Series) Robert Magnus - Metric Spaces - A Companion to Analysis-Springer Nature Switzerland (2022).pdf,D:\Readings\Analysis\calculus\(Springer Undergraduate Mathematics Series) Robert Magnus - Metric Spaces - A Companion to Analysis-Springer Nature Switzerland (2022).pdf,(Springer Undergraduate Mathematics Series) Robert Magnus - Metric Spaces - A Companion to Analysis-Springer Nature Switzerland ( ),9783030949457,,03-analysis,real-analysis,pending,,classifier=real-analysis | flags=ambiguous_subject;manual_subject_review,2026-06-26T00:22:25+00:00,
SRC-000079,14039_dor.pdf,D:\Readings\Analysis\calculus\14039_dor.pdf,Form 14039 (Rev. 5-2024),,SE:W:CAS:AM:IPSO:IP,04-topology-and-geometry,point-set-topology,pending,,classifier=topology | flags=manual_subject_review,2026-06-26T00:22:25+00:00,
SRC-000080,20377572-tarski-introduction-to-logic-and-to-the-methodology-of-the-deductive-sciences-4ed-oup-1994-1-copy.pdf,D:\Readings\Analysis\calculus\20377572-tarski-introduction-to-logic-and-to-the-methodology-of-the-deductive-sciences-4ed-oup-1994-1-copy.pdf,20377572-tarski-introduction-to-logic-and-to-the-methodology-of-the-deductive-sciences- -oup- -1-copy,,Jan Tarski Introduction,00-foundations,mathematical-logic,pending,,classifier=logic-model-theory,2026-06-26T00:22:25+00:00,
SRC-000081,346299586.pdf,D:\Readings\Analysis\calculus\346299586.pdf,346299586,,AGI,03-analysis,measure-theory,pending,,classifier=measure-theory,2026-06-26T00:22:25+00:00,
SRC-000082,A Concise Introduction to Logic (1).pdf,D:\Readings\Analysis\calculus\A Concise Introduction to Logic (1).pdf,A Concise Introduction to Logic,9781942341420,Craig DeLancey,00-foundations,mathematical-logic,pending,,classifier=logic-model-theory | local_bib=volume-viii-applied-methods,2026-06-26T00:22:25+00:00,
SRC-000085,course_setsmodelsproofs.pdf,D:\Readings\Analysis\calculus\course_setsmodelsproofs.pdf,course setsmodelsproofs,,,00-foundations,mathematical-logic,pending,,classifier=logic-model-theory,2026-06-26T00:22:25+00:00,
SRC-000086,Database Internals PDF.pdf,D:\Readings\Analysis\calculus\Database Internals PDF.pdf,Database Internals PDF,,Alex Petrov,01-algebra,linear-algebra,pending,,classifier=linear-algebra | flags=ambiguous_subject;manual_subject_review;missing_toc,2026-06-26T00:22:25+00:00,
SRC-000087,FOAGsep1815public.pdf,D:\Readings\Analysis\calculus\FOAGsep1815public.pdf,FOAGsep1815public,,Ravi Vakil,00-foundations,category-theory,pending,,classifier=category-theory,2026-06-26T00:22:25+00:00,
SRC-000088,Fullbook_Draft.pdf,D:\Readings\Analysis\calculus\Fullbook_Draft.pdf,Fullbook Draft,,Induction,00-foundations,mathematical-logic,pending,,classifier=logic-model-theory,2026-06-26T00:22:25+00:00,
SRC-000089,gsm-126-tao5-measure-book.pdf,D:\Readings\Analysis\calculus\gsm-126-tao5-measure-book.pdf,gsm-126-tao5-measure-book,,,03-analysis,functional-analysis,pending,,classifier=functional-analysis | flags=ambiguous_subject;manual_subject_review,2026-06-26T00:22:25+00:00,
SRC-000090,Introduction-to-The-Calculus-of-Variations-B.-Dacorogna-ICP-2004-WW.pdf,D:\Readings\Analysis\calculus\Introduction-to-The-Calculus-of-Variations-B.-Dacorogna-ICP-2004-WW.pdf,Introduction-to-The-Calculus-of-Variations-B.-Dacorogna-ICP- -WW,186094499X,Administrateur,03-analysis,calculus,pending,,classifier=calculus,2026-06-26T00:22:25+00:00,
SRC-000091,manin.pdf,D:\Readings\Analysis\calculus\manin.pdf,manin,9056990497,"Alexei I. Kostrikin, Yu I Manin",01-algebra,linear-algebra,pending,,classifier=linear-algebra,2026-06-26T00:22:25+00:00,
SRC-000092,Mastering Calculus through practice.pdf,D:\Readings\Analysis\calculus\Mastering Calculus through practice.pdf,Mastering Calculus through practice,9783030833398,,03-analysis,calculus,pending,,classifier=calculus,2026-06-26T00:22:25+00:00,
SRC-000093,Mathematics and Its History e3 - Stillwell.pdf,D:\Readings\Analysis\calculus\Mathematics and Its History e3 - Stillwell.pdf,Mathematics and Its History,9781441960528,Stillwell,04-topology-and-geometry,euclidean-and-classical-geometry,pending,,classifier=geometry | flags=ambiguous_subject;manual_subject_review,2026-06-26T00:22:25+00:00,
SRC-000094,matrix-algebra-for-engineers.pdf,D:\Readings\Analysis\calculus\matrix-algebra-for-engineers.pdf,Matrix Algebra for Engineers,,Jeffrey R. Chasnov,01-algebra,linear-algebra,pending,,classifier=linear-algebra | local_bib=volume-iv-mathematical-spaces,2026-06-26T00:22:25+00:00,
SRC-000095,measure (1).pdf,D:\Readings\Analysis\calculus\measure (1).pdf,measure (1),,Walter Rudin,03-analysis,measure-theory,pending,,classifier=measure-theory,2026-06-26T00:22:25+00:00,
SRC-000096,MIRA (3).pdf,D:\Readings\Analysis\calculus\MIRA (3).pdf,"Measure, Integration & Real Analysis",,Sheldon Axler,03-analysis,real-analysis,pending,,classifier=real-analysis | local_bib=volume-iii-bounds-sequences-and-series,2026-06-26T00:22:25+00:00,
SRC-000097,Myint-U_Debnath-Linear_Partial_Differential_Equations_for_Scientists_and_Engineers.pdf,D:\Readings\Analysis\calculus\Myint-U_Debnath-Linear_Partial_Differential_Equations_for_Scientists_and_Engineers.pdf,Myint-U Debnath-Linear Partial Differential Equations for Scientists and Engineers,9780817643935,Alex Gerasev. Mathematics Subject,05-differential-equations-and-dynamical-systems,partial-differential-equations,pending,,classifier=partial-differential-equations,2026-06-26T00:22:25+00:00,
SRC-000098,Patrick2012.pdf,D:\Readings\Analysis\calculus\Patrick2012.pdf,Patrick2012,9780840034175,Patrick J. Hurley,00-foundations,mathematical-logic,pending,,classifier=logic-model-theory,2026-06-26T00:22:25+00:00,
SRC-000099,plp.pdf,D:\Readings\Analysis\calculus\plp.pdf,plp,,UBC,00-foundations,mathematical-logic,pending,,classifier=logic-model-theory | flags=ambiguous_subject;manual_subject_review,2026-06-26T00:22:25+00:00,
SRC-000100,Predicate_Logic.pdf,D:\Readings\Analysis\calculus\Predicate_Logic.pdf,Predicate Logic,,,00-foundations,mathematical-logic,pending,,classifier=logic-model-theory | flags=missing_toc,2026-06-26T00:22:25+00:00,
SRC-000101,Principles of Mathematical Analysis e3 - W.pdf,D:\Readings\Analysis\calculus\Principles of Mathematical Analysis e3 - W.pdf,Principles of Mathematical Analysis,,W,11-reference-and-miscellaneous,uncategorized,pending,,classifier=unknown | flags=manual_subject_review;missing_toc;needs_ocr;unknown_subject,2026-06-26T00:22:25+00:00,
SRC-000102,Probability and Statistics  The Science of  Uncertainty.pdf,D:\Readings\Analysis\calculus\Probability and Statistics  The Science of  Uncertainty.pdf,Probability and Statistics The Science of Uncertainty,,Michael Evans,06-probability-statistics-and-information,probability-theory,pending,,classifier=probability | local_bib=volume-iii-bounds-sequences-and-series,2026-06-26T00:22:25+00:00,
SRC-000105,TBB-AllChapters-Landscape.pdf,D:\Readings\Analysis\calculus\TBB-AllChapters-Landscape.pdf,Elementary Real Analysis,0130190756,Thomson,03-analysis,real-analysis,pending,,classifier=real-analysis | local_bib=volume-iii-bounds-sequences-and-series,2026-06-26T00:22:25+00:00,
SRC-000106,"The Logic Book, Sixth Edition - Merrie Bergmann.pdf","D:\Readings\Analysis\calculus\The Logic Book, Sixth Edition - Merrie Bergmann.pdf","The Logic Book, Sixth Edition",9780078038419,Merrie Bergmann,00-foundations,mathematical-logic,pending,,classifier=logic-model-theory | local_bib=volume-viii-applied-methods,2026-06-26T00:22:25+00:00,
SRC-000107,topology.pdf,D:\Readings\Analysis\calculus\topology.pdf,topology,,Author,04-topology-and-geometry,point-set-topology,pending,,classifier=topology,2026-06-26T00:22:25+00:00,
SRC-000108,Type Theory and Formal Proof An Introduction - Nederpelt.pdf,D:\Readings\Analysis\calculus\Type Theory and Formal Proof An Introduction - Nederpelt.pdf,Type Theory and Formal Proof An Introduction,9781107036505,Nederpelt,00-foundations,mathematical-logic,pending,,classifier=logic-model-theory | local_bib=volume-viii-applied-methods,2026-06-26T00:22:25+00:00,
SRC-000109,Type Theory and Functional Programming - Thompson.pdf,D:\Readings\Analysis\calculus\Type Theory and Functional Programming - Thompson.pdf,Type Theory and Functional Programming,,Thompson,00-foundations,mathematical-logic,pending,,classifier=logic-model-theory | local_bib=volume-viii-applied-methods,2026-06-26T00:22:25+00:00,
SRC-000110,Classi set theory for guided independent study.pdf,D:\Readings\Analysis\Classi set theory for guided independent study.pdf,Classi set theory for guided independent study,0412606100,Derek Goldrei,00-foundations,set-theory,pending,,classifier=set-theory,2026-06-26T00:22:25+00:00,
SRC-000111,Complex Analysis Ahlfors.pdf,D:\Readings\Analysis\Complex Analysis Ahlfors.pdf,Complex Analysis Ahlfors,,McGraw-Hill,03-analysis,complex-analysis,pending,,classifier=complex-analysis | flags=ambiguous_subject;manual_subject_review,2026-06-26T00:22:25+00:00,
SRC-000113,Guid to Cultivating Complex Analysis - Lebl.pdf,D:\Readings\Analysis\Complex Analysis\Guid to Cultivating Complex Analysis - Lebl.pdf,Guide to Cultivating Complex Analysis,,Lebl,03-analysis,complex-analysis,pending,,classifier=complex-analysis,2026-06-26T00:22:25+00:00,
SRC-000114,Real and Complex Analysis - Rudin.pdf,D:\Readings\Analysis\Complex Analysis\Real and Complex Analysis - Rudin.pdf,Real and Complex Analysis,0070542341,Rudin,03-analysis,functional-analysis,pending,,classifier=functional-analysis | local_bib=volume-iii-bounds-sequences-and-series | flags=ambiguous_subject,2026-06-26T00:22:25+00:00,
SRC-000116,Complex Numbers from A to ... Z e2 - Andreescu.pdf,D:\Readings\Analysis\Complex Numbers from A to ... Z e2 - Andreescu.pdf,Complex Numbers from A to ... Z,9780817684143,Andreescu,04-topology-and-geometry,euclidean-and-classical-geometry,pending,,classifier=geometry | local_bib=volume-iii-bounds-sequences-and-series | flags=ambiguous_subject;manual_subject_review,2026-06-26T00:22:25+00:00,
SRC-000118,Computability - Tourlakis.pdf,D:\Readings\Analysis\Computability - Tourlakis.pdf,Computability,9783030832018,Tourlakis,09-theoretical-computer-science,automata-and-formal-languages,pending,,classifier=theoretical-computer-science | local_bib=volume-viii-applied-methods | flags=missing_toc,2026-06-26T00:22:25+00:00,
SRC-000119,Concrete Mathematics A Foundation for Computer Science Graham - Knuth.pdf,D:\Readings\Analysis\Concrete Mathematics A Foundation for Computer Science Graham - Knuth.pdf,Concrete Mathematics A Foundation for Computer Science Graham,0201558025,Knuth,06-probability-statistics-and-information,probability-theory,pending,,classifier=probability | local_bib=volume-v-complex-analysis | flags=ambiguous_subject;manual_subject_review,2026-06-26T00:22:25+00:00,
SRC-000120,Conic Sections Beyond R2 - Handlin.pdf,D:\Readings\Analysis\Conic Sections Beyond R2 - Handlin.pdf,Conic Sections Beyond R2,,Handlin,04-topology-and-geometry,differential-geometry,pending,,classifier=differential-geometry | flags=ambiguous_subject;manual_subject_review,2026-06-26T00:22:25+00:00,
SRC-000121,control.course (1).pdf,D:\Readings\Analysis\control.course (1).pdf,control.course (1),,,03-analysis,real-analysis,pending,,classifier=real-analysis | flags=manual_subject_review;missing_toc,2026-06-26T00:22:25+00:00,
SRC-000123,control_theory-a_brief_introduction.pdf,D:\Readings\Analysis\control_theory-a_brief_introduction.pdf,control theory-a brief introduction,,,05-differential-equations-and-dynamical-systems,ordinary-differential-equations,pending,,classifier=ode-dynamical-systems,2026-06-26T00:22:25+00:00,
SRC-000124,Course in Analysis Vol. II Differentiation And Integration Of Functions Of Several Variables Vector Calculus - Jacob.pdf,D:\Readings\Analysis\Course in Analysis Vol. II Differentiation And Integration Of Functions Of Several Variables Vector Calculus - Jacob.pdf,Course in Analysis Vol. II Differentiation And Integration Of Functions Of Several Variables Vector Calculus,,Jacob,03-analysis,calculus,pending,,classifier=calculus | flags=manual_subject_review;missing_toc;needs_ocr,2026-06-26T00:22:25+00:00,
SRC-000126,Davidson-Donsig-2010-Real Analysis and Aplications.pdf,D:\Readings\Analysis\Davidson-Donsig-2010-Real Analysis and Aplications.pdf,Davidson-Donsig- -Real Analysis and Aplications,9780387980973,Prentice Hall. The,03-analysis,real-analysis,pending,,classifier=real-analysis,2026-06-26T00:22:25+00:00,
SRC-000127,Decision Theory - Hayashi.pdf,D:\Readings\Analysis\Decision Theory - Hayashi.pdf,Decision Theory,9789819521999,Hayashi,11-reference-and-miscellaneous,uncategorized,pending,,classifier=unknown | flags=manual_subject_review;unknown_subject,2026-06-26T00:22:25+00:00,
SRC-000128,delay.pdf,D:\Readings\Analysis\delay.pdf,delay,,,04-topology-and-geometry,euclidean-and-classical-geometry,pending,,classifier=geometry | flags=ambiguous_subject;manual_subject_review;missing_toc,2026-06-26T00:22:25+00:00,
SRC-000129,Delay_Differential_Equations.pdf,D:\Readings\Analysis\Delay_Differential_Equations.pdf,Delay Differential Equations,,C.R. Terpstra,05-differential-equations-and-dynamical-systems,ordinary-differential-equations,pending,,classifier=ode-dynamical-systems,2026-06-26T00:22:25+00:00,
SRC-000130,Differential and Integral Calculus - Landau.pdf,D:\Readings\Analysis\Differential and Integral Calculus - Landau.pdf,Differential and Integral Calculus,9780821828304,Landau,03-analysis,calculus,pending,,classifier=calculus | local_bib=volume-vi-algebra,2026-06-26T00:22:25+00:00,
SRC-000131,Differential geometry of curves and surfaces - Koboyashi.pdf,D:\Readings\Analysis\Differential geometry of curves and surfaces - Koboyashi.pdf,Differential geometry of curves and surfaces,9789811517389,Koboyashi,04-topology-and-geometry,differential-geometry,pending,,classifier=differential-geometry,2026-06-26T00:22:25+00:00,
SRC-000132,Differential Geometry of Curves and Surfaces - Tapp.pdf,D:\Readings\Analysis\Differential Geometry of Curves and Surfaces - Tapp.pdf,Differential Geometry of Curves and Surfaces,9783319397986,Tapp,04-topology-and-geometry,differential-geometry,pending,,classifier=differential-geometry | local_bib=volume-v-complex-analysis,2026-06-26T00:22:25+00:00,
SRC-000133,Differential Geometry of Curves and Surfaces A Concise Guide - Toponogov.pdf,D:\Readings\Analysis\Differential Geometry of Curves and Surfaces A Concise Guide - Toponogov.pdf,Differential Geometry of Curves and Surfaces A Concise Guide,9780817643843,Toponogov,04-topology-and-geometry,differential-geometry,pending,,classifier=differential-geometry,2026-06-26T00:22:25+00:00,
SRC-000134,diffyqs.pdf,D:\Readings\Analysis\diffyqs.pdf,diffyqs,0100020003,Jiri Lebl,01-algebra,linear-algebra,pending,,classifier=linear-algebra,2026-06-26T00:22:25+00:00,
SRC-000135,Discrete Calculus.pdf,D:\Readings\Analysis\Discrete Calculus.pdf,Discrete Calculus,9783319030371,0009172,03-analysis,calculus,pending,,classifier=calculus,2026-06-26T00:22:25+00:00,
SRC-000137,do Carmo's Differential Geometry of Curves and Surfaces.pdf,D:\Readings\Analysis\do Carmo's Differential Geometry of Curves and Surfaces.pdf,do Carmo's Differential Geometry of Curves and Surfaces,,dani,04-topology-and-geometry,differential-geometry,pending,,classifier=differential-geometry | flags=manual_subject_review;missing_toc;needs_ocr,2026-06-26T00:22:25+00:00,
SRC-000138,dokumen.pub_a-companion-to-analysis-a-second-first-and-first-second-course-in-analysis-62-1nbsped-0821834479-2003062905.pdf,D:\Readings\Analysis\dokumen.pub_a-companion-to-analysis-a-second-first-and-first-second-course-in-analysis-62-1nbsped-0821834479-2003062905.pdf,A Companion to Analysis,0821834479,,03-analysis,real-analysis,pending,,classifier=real-analysis,2026-06-26T00:22:25+00:00,
SRC-000139,dokumen.pub_a-first-course-in-harmonic-analysis.pdf,D:\Readings\Analysis\dokumen.pub_a-first-course-in-harmonic-analysis.pdf,dokumen.pub a-first-course-in-harmonic-analysis,9781475738346,,01-algebra,abstract-algebra,pending,,classifier=abstract-algebra | flags=ambiguous_subject;manual_subject_review,2026-06-26T00:22:25+00:00,
SRC-000140,Elementary Functions.pdf,D:\Readings\Analysis\Elementary Functions.pdf,Elementary Functions,9783031290749,,03-analysis,calculus,pending,,classifier=calculus | flags=ambiguous_subject;manual_subject_review,2026-06-26T00:22:25+00:00,
SRC-000142,Elementary_Analysis_Ross.pdf,D:\Readings\Analysis\Elementary_Analysis_Ross.pdf,Elementary Analysis Ross,9781461462705,Kenneth A. Ross,03-analysis,real-analysis,pending,,classifier=real-analysis | local_bib=volume-iii-bounds-sequences-and-series,2026-06-26T00:22:25+00:00,
SRC-000143,Elliptic Curves - McKean.pdf,D:\Readings\Analysis\Elliptic Curves - McKean.pdf,Elliptic Curves,9780521582285,McKean,04-topology-and-geometry,euclidean-and-classical-geometry,pending,,classifier=geometry | local_bib=volume-iii-bounds-sequences-and-series,2026-06-26T00:22:25+00:00,
SRC-000145,Essay on Theory of Numbers - Dedekind.pdf,D:\Readings\Analysis\Essay on Theory of Numbers - Dedekind.pdf,Essay on Theory of Numbers,,Dedekind,03-analysis,calculus,pending,,classifier=calculus | local_bib=volume-ii-discrete-number-systems | flags=ambiguous_subject;manual_subject_review;missing_toc,2026-06-26T00:22:25+00:00,
SRC-000146,Foundations of Analysis - Landau.pdf,D:\Readings\Analysis\Foundations of Analysis - Landau.pdf,Foundations of Analysis,,Landau,11-reference-and-miscellaneous,uncategorized,pending,,classifier=unknown | flags=manual_subject_review;missing_toc;needs_ocr;unknown_subject,2026-06-26T00:22:25+00:00,
SRC-000147,fouu.pdf,D:\Readings\Analysis\fouu.pdf,fouu,9783031813108,,05-differential-equations-and-dynamical-systems,partial-differential-equations,pending,,classifier=partial-differential-equations,2026-06-26T00:22:25+00:00,
SRC-000148,From Classical to Modern Analysis-Schinazi.pdf,D:\Readings\Analysis\From Classical to Modern Analysis-Schinazi.pdf,From Classical to Modern Analysis-Schinazi,9783319945828,,03-analysis,real-analysis,pending,,classifier=real-analysis,2026-06-26T00:22:25+00:00,
SRC-000149,Functional Analysis - Stein.pdf,D:\Readings\Analysis\Functional Analysis - Stein.pdf,Functional Analysis,9780691113876,Stein,03-analysis,functional-analysis,pending,,classifier=functional-analysis,2026-06-26T00:22:25+00:00,
SRC-000150,A Primer on Hilbert Space Theory e2 - Alabiso.pdf,D:\Readings\Analysis\Functional Analysis\A Primer on Hilbert Space Theory e2 - Alabiso.pdf,A Primer on Hilbert Space Theory,9783030674168,Alabiso,04-topology-and-geometry,point-set-topology,pending,,classifier=topology | flags=ambiguous_subject;manual_subject_review,2026-06-26T00:22:25+00:00,
SRC-000152,Analysis in Banach Spaces - Volume II - Probablistic Methods and Operator Theory - Hytonen.pdf,D:\Readings\Analysis\Functional Analysis\Analysis in Banach Spaces - Volume II - Probablistic Methods and Operator Theory - Hytonen.pdf,Analysis in Banach Spaces - Volume II - Probablistic Methods and Operator Theory,9783319698083,Hytonen,03-analysis,functional-analysis,pending,,classifier=functional-analysis,2026-06-26T00:22:25+00:00,
SRC-000153,Analysis in Banach Spaces - Volume III Harmonic Anlaysisand Spectral Theory - Hytonen.pdf,D:\Readings\Analysis\Functional Analysis\Analysis in Banach Spaces - Volume III Harmonic Anlaysisand Spectral Theory - Hytonen.pdf,Analysis in Banach Spaces - Volume III Harmonic Anlaysisand Spectral Theory,9783031465970,Hytonen,03-analysis,functional-analysis,pending,,classifier=functional-analysis | flags=ambiguous_subject;manual_subject_review,2026-06-26T00:22:25+00:00,
SRC-000154,Analysis of Banach Spaces - Kobin.pdf,D:\Readings\Analysis\Functional Analysis\Analysis of Banach Spaces - Kobin.pdf,Analysis of Banach Spaces,,Kobin,03-analysis,functional-analysis,pending,,classifier=functional-analysis | flags=ambiguous_subject;manual_subject_review,2026-06-26T00:22:25+00:00,
SRC-000155,Applied Functional Analysis Lecture Notes.pdf,D:\Readings\Analysis\Functional Analysis\Applied Functional Analysis Lecture Notes.pdf,Applied Functional Analysis Lecture Notes,,,04-topology-and-geometry,point-set-topology,pending,,classifier=topology | flags=ambiguous_subject;manual_subject_review,2026-06-26T00:22:25+00:00,
SRC-000156,Fourier Analysis - Stein.pdf,D:\Readings\Analysis\Functional Analysis\Fourier Analysis - Stein.pdf,Fourier Analysis,9780691113845,Stein,03-analysis,complex-analysis,pending,,classifier=complex-analysis | flags=ambiguous_subject;manual_subject_review,2026-06-26T00:22:25+00:00,
SRC-000158,fourier-analysis-and-its-applications - Vretblad.pdf,D:\Readings\Analysis\Functional Analysis\fourier-analysis-and-its-applications - Vretblad.pdf,fourier-analysis-and-its-applications,0387008365,Vretblad,05-differential-equations-and-dynamical-systems,partial-differential-equations,pending,,classifier=partial-differential-equations,2026-06-26T00:22:25+00:00,
SRC-000159,Functional Analysis - Banach Spaces - Cooper.pdf,D:\Readings\Analysis\Functional Analysis\Functional Analysis - Banach Spaces - Cooper.pdf,Functional Analysis - Banach Spaces,,Cooper,03-analysis,functional-analysis,pending,,classifier=functional-analysis,2026-06-26T00:22:25+00:00,
SRC-000160,Functional Analysis - Hajlasz.pdf,D:\Readings\Analysis\Functional Analysis\Functional Analysis - Hajlasz.pdf,Functional Analysis,,Hajlasz,03-analysis,functional-analysis,pending,,classifier=functional-analysis | flags=missing_toc,2026-06-26T00:22:25+00:00,
SRC-000161,Introduction to Harmonic Analysis - Heil.pdf,D:\Readings\Analysis\Functional Analysis\Introduction to Harmonic Analysis - Heil.pdf,Introduction to Harmonic Analysis,,Heil,03-analysis,functional-analysis,pending,,classifier=functional-analysis | flags=ambiguous_subject;manual_subject_review,2026-06-26T00:22:25+00:00,
SRC-000162,Kreyszig - Introductory Functional Analysis with Applications.pdf,D:\Readings\Analysis\Functional Analysis\Kreyszig - Introductory Functional Analysis with Applications.pdf,Kreyszig,0471507318,Introductory Functional Analysis with Applications,03-analysis,functional-analysis,pending,,classifier=functional-analysis,2026-06-26T00:22:25+00:00,
SRC-000163,Functions of Real Variables - Osgood.pdf,D:\Readings\Analysis\Functions of Real Variables - Osgood.pdf,Functions of Real Variables,,Osgood,11-reference-and-miscellaneous,uncategorized,pending,,classifier=unknown | flags=manual_subject_review;missing_toc;needs_ocr;unknown_subject,2026-06-26T00:22:25+00:00,
SRC-000164,Functions of Several Real Variables - Raja.pdf,D:\Readings\Analysis\Functions of Several Real Variables - Raja.pdf,Functions of Several Real Variables,,Raja,03-analysis,real-analysis,pending,,classifier=real-analysis,2026-06-26T00:22:25+00:00,
SRC-000165,Functions Of Several Variables - Woll.pdf,D:\Readings\Analysis\Functions Of Several Variables - Woll.pdf,Functions Of Several Variables,,Woll,03-analysis,calculus,pending,,classifier=calculus | flags=ambiguous_subject;manual_subject_review,2026-06-26T00:22:25+00:00,
SRC-000166,functions_sev_var.pdf,D:\Readings\Analysis\functions_sev_var.pdf,functions sev var,,,04-topology-and-geometry,euclidean-and-classical-geometry,pending,,classifier=geometry | flags=ambiguous_subject;manual_subject_review;missing_toc,2026-06-26T00:22:25+00:00,
SRC-000167,Gabdulkhakova Aysylu - 2023 - From Circles to Generalized Conics Enriching the...pdf,D:\Readings\Analysis\Gabdulkhakova Aysylu - 2023 - From Circles to Generalized Conics Enriching the...pdf,From Circles to Generalized Conics: Enriching the Properties of 2D Shape Representation and Description,,Aysylu Gabdulkhakova,01-algebra,abstract-algebra,pending,,classifier=abstract-algebra | local_bib=volume-v-complex-analysis | flags=ambiguous_subject;manual_subject_review,2026-06-26T00:22:25+00:00,
SRC-000168,Geometry of Partial Differential Equations.pdf,D:\Readings\Analysis\Geometry of Partial Differential Equations.pdf,Geometry of Partial Differential Equations,,Paul Bracken,04-topology-and-geometry,differential-geometry,pending,,classifier=differential-geometry,2026-06-26T00:22:25+00:00,
SRC-000169,inequalities-hardy-littlewood-polya.pdf,D:\Readings\Analysis\inequalities-hardy-littlewood-polya.pdf,inequalities-hardy-littlewood-polya,,Anais,11-reference-and-miscellaneous,uncategorized,pending,,classifier=unknown | flags=manual_subject_review;missing_toc;needs_ocr;unknown_subject,2026-06-26T00:22:25+00:00,
SRC-000170,Introduction to Combinatorics and Graph Theory.pdf,D:\Readings\Analysis\Introduction to Combinatorics and Graph Theory.pdf,Introduction to Combinatorics and Graph Theory,,David Guichard,07-discrete-mathematics-and-combinatorics,combinatorics,pending,,classifier=combinatorics-graph-theory | local_bib=volume-v-complex-analysis,2026-06-26T00:22:25+00:00,
SRC-000171,Introduction to Linear and Matrix Algebra - Johnston.pdf,D:\Readings\Analysis\Introduction to Linear and Matrix Algebra - Johnston.pdf,Introduction to Linear and Matrix Algebra,9783030528102,Johnston,01-algebra,linear-algebra,pending,,classifier=linear-algebra | local_bib=volume-iv-mathematical-spaces,2026-06-26T00:22:25+00:00,
SRC-000174,INTRODUCTION TO MODERN ANALYSIS I - Collingbourne.pdf,D:\Readings\Analysis\INTRODUCTION TO MODERN ANALYSIS I - Collingbourne.pdf,Introduction To Modern Analysis I,,Collingbourne,03-analysis,real-analysis,pending,,classifier=real-analysis | flags=ambiguous_subject;manual_subject_review,2026-06-26T00:22:25+00:00,
SRC-000175,Introduction to Real Analysis - Trench.pdf,D:\Readings\Analysis\Introduction to Real Analysis - Trench.pdf,Introduction to Real Analysis,0130457868,Trench,03-analysis,real-analysis,pending,,classifier=real-analysis | local_bib=volume-iii-bounds-sequences-and-series,2026-06-26T00:22:25+00:00,
SRC-000176,Introduction to Real Analysis 3rd by Robert G. Bartle.pdf,D:\Readings\Analysis\Introduction to Real Analysis 3rd by Robert G. Bartle.pdf,Introduction to Real Analysis 3rd,9780471321484,Robert G. Bartle,03-analysis,real-analysis,pending,,classifier=real-analysis | local_bib=volume-iii-bounds-sequences-and-series | flags=manual_subject_review;missing_toc;needs_ocr,2026-06-26T00:22:25+00:00,
SRC-000177,Introduction to Real Analysis 4th by Robert G. Bartle.pdf,D:\Readings\Analysis\Introduction to Real Analysis 4th by Robert G. Bartle.pdf,Introduction to Real Analysis 4th,9780471433316,Robert G. Bartle,03-analysis,real-analysis,pending,,classifier=real-analysis | local_bib=volume-iii-bounds-sequences-and-series,2026-06-26T00:22:25+00:00,
SRC-000180,Introduction to Relational Algebras - Givant.pdf,D:\Readings\Analysis\Introduction to Relational Algebras - Givant.pdf,Introduction to Relational Algebras,9783319652344,Givant,01-algebra,abstract-algebra,pending,,classifier=abstract-algebra | flags=ambiguous_subject;manual_subject_review;missing_toc,2026-06-26T00:22:25+00:00,
SRC-000182,Introduction to Tensor Analysis and the Calculus of Moving Surfaces - Pavel_Grinfeld.pdf,D:\Readings\Analysis\Introduction to Tensor Analysis and the Calculus of Moving Surfaces - Pavel_Grinfeld.pdf,Introduction to Tensor Analysis and the Calculus of Moving Surfaces,9781461478669,Pavel Grinfeld,03-analysis,calculus,pending,,classifier=calculus | local_bib=volume-v-complex-analysis | flags=ambiguous_subject;manual_subject_review,2026-06-26T00:22:25+00:00,
SRC-000183,Introduction to Topology and Modern Analysis.pdf,D:\Readings\Analysis\Introduction to Topology and Modern Analysis.pdf,Introduction to Topology and Modern Analysis,,,04-topology-and-geometry,point-set-topology,pending,,classifier=topology | flags=manual_subject_review;missing_toc;needs_ocr,2026-06-26T00:22:25+00:00,
SRC-000184,Learning_Real_Analysis (91).pdf,D:\Readings\Analysis\Learning_Real_Analysis (91).pdf,Learning Real Analysis (91),,,03-analysis,real-analysis,pending,,classifier=real-analysis | flags=missing_toc,2026-06-26T00:22:25+00:00,
SRC-000185,Learning_Real_Analysis (93).pdf,D:\Readings\Analysis\Learning_Real_Analysis (93).pdf,Learning Real Analysis (93),,,03-analysis,real-analysis,pending,,classifier=real-analysis | flags=manual_subject_review;missing_toc,2026-06-26T00:22:25+00:00,
SRC-000186,Lectures on Euclidean Geometry - Volume 2 - Pamflikis.pdf,D:\Readings\Analysis\Lectures on Euclidean Geometry - Volume 2 - Pamflikis.pdf,Lectures on Euclidean Geometry - Volume 2,9783031489099,Pamflikis,04-topology-and-geometry,euclidean-and-classical-geometry,pending,,classifier=geometry | local_bib=volume-v-complex-analysis | flags=ambiguous_subject;manual_subject_review,2026-06-26T00:22:25+00:00,
SRC-000187,Lectures on Euclidean Geometry 1 - Pamfilos.pdf,D:\Readings\Analysis\Lectures on Euclidean Geometry 1 - Pamfilos.pdf,Lectures on Euclidean Geometry 1,9783031489051,Pamfilos,04-topology-and-geometry,euclidean-and-classical-geometry,pending,,classifier=geometry | local_bib=volume-v-complex-analysis,2026-06-26T00:22:25+00:00,
SRC-000188,Lectures on Nonsmooth Differential Geometry - Gigli.pdf,D:\Readings\Analysis\Lectures on Nonsmooth Differential Geometry - Gigli.pdf,Lectures on Nonsmooth Differential Geometry,9783030386122,Gigli,04-topology-and-geometry,differential-geometry,pending,,classifier=differential-geometry,2026-06-26T00:22:25+00:00,
SRC-000189,Leibniz on the Foundation of the Differential Calculus.pdf,D:\Readings\Analysis\Leibniz on the Foundation of the Differential Calculus.pdf,Leibniz on the Foundation of the Differential Calculus,9783031772580,Richard T. W. Arthur,03-analysis,calculus,pending,,classifier=calculus | local_bib=volume-ii-discrete-number-systems,2026-06-26T00:22:25+00:00,
SRC-000190,Malliavin (1).pdf,D:\Readings\Analysis\Malliavin (1).pdf,Malliavin (1),,,03-analysis,calculus,pending,,classifier=calculus,2026-06-26T00:22:25+00:00,
SRC-000191,Marco Manetti (2).pdf,D:\Readings\Analysis\Marco Manetti (2).pdf,Marco Manetti (2),9783319169576,Simon G. Chiossi,04-topology-and-geometry,point-set-topology,pending,,classifier=topology,2026-06-26T00:22:25+00:00,
SRC-000193,MAT330_Lecture_Notes - Complex Analysis with Applications - Shapiro.pdf,D:\Readings\Analysis\MAT330_Lecture_Notes - Complex Analysis with Applications - Shapiro.pdf,Complex Analysis with Applications Princeton University MAT330 Lecture Notes,,Shapiro,03-analysis,complex-analysis,pending,,classifier=complex-analysis | flags=ambiguous_subject;manual_subject_review,2026-06-26T00:22:25+00:00,
SRC-000194,math_graph.pdf,D:\Readings\Analysis\math_graph.pdf,math graph,,,11-reference-and-miscellaneous,uncategorized,pending,,classifier=unknown | flags=manual_subject_review;missing_toc;needs_ocr;unknown_subject,2026-06-26T00:22:25+00:00,
SRC-000195,Mathematical Analysis 2 - Zorich.pdf,D:\Readings\Analysis\Mathematical Analysis 2 - Zorich.pdf,Mathematical Analysis 2,3540406336,Zorich,03-analysis,calculus,pending,,classifier=calculus | local_bib=volume-iii-bounds-sequences-and-series,2026-06-26T00:22:25+00:00,
SRC-000196,Mathematical Control Theory - Sontag.pdf,D:\Readings\Analysis\Mathematical Control Theory - Sontag.pdf,Mathematical Control Theory,,Sontag,01-algebra,linear-algebra,pending,,classifier=linear-algebra | flags=ambiguous_subject;manual_subject_review,2026-06-26T00:22:25+00:00,
SRC-000197,Mathematical Control Theory - Zabcsyk.pdf,D:\Readings\Analysis\Mathematical Control Theory - Zabcsyk.pdf,Mathematical Control Theory,9783030447762,Zabcsyk,00-foundations,mathematical-logic,pending,,classifier=logic-model-theory,2026-06-26T00:22:25+00:00,
SRC-000198,Mathematical Foundations of Big Data Analytics - Shikhman.pdf,D:\Readings\Analysis\Mathematical Foundations of Big Data Analytics - Shikhman.pdf,Mathematical Foundations of Big Data Analytics,9783662625200,Shikhman,09-theoretical-computer-science,automata-and-formal-languages,pending,,classifier=theoretical-computer-science | flags=ambiguous_subject;manual_subject_review,2026-06-26T00:22:25+00:00,
SRC-000200,Mathematical Logic - Kossak.pdf,D:\Readings\Analysis\Mathematical Logic - Kossak.pdf,Mathematical Logic,9783319972978,Kossak,00-foundations,mathematical-logic,pending,,classifier=logic-model-theory,2026-06-26T00:22:25+00:00,
SRC-000201,Mathematical Logic An Introduction - De Gruyter.pdf,D:\Readings\Analysis\Mathematical Logic An Introduction - De Gruyter.pdf,Mathematical Logic An Introduction,9783110677249,De Gruyter,00-foundations,mathematical-logic,pending,,classifier=logic-model-theory,2026-06-26T00:22:25+00:00,
SRC-000202,mathematical-analysis-zorich1.pdf,D:\Readings\Analysis\mathematical-analysis-zorich1.pdf,mathematical-analysis-zorich1,3540403868,Die Deutsche Bibliothek Die Deutsche,03-analysis,calculus,pending,,classifier=calculus,2026-06-26T00:22:25+00:00,
SRC-000203,Mathematics for Computer Graphics - Vince.pdf,D:\Readings\Analysis\Mathematics for Computer Graphics - Vince.pdf,Mathematics for Computer Graphics,9781447175490,Vince,03-analysis,calculus,pending,,classifier=calculus | local_bib=volume-vi-algebra | flags=manual_subject_review,2026-06-26T00:22:25+00:00,
SRC-000206,Measure Theory - Halmos.pdf,D:\Readings\Analysis\Measure Theory\Measure Theory - Halmos.pdf,Measure Theory,0387900888,Halmos,03-analysis,measure-theory,pending,,classifier=measure-theory | local_bib=volume-iii-bounds-sequences-and-series,2026-06-26T00:22:25+00:00,
SRC-000207,Measure Theory - MAT425_Lecture_Notes.pdf,D:\Readings\Analysis\Measure Theory\Measure Theory - MAT425_Lecture_Notes.pdf,Measure Theory,,MAT425 Lecture Notes,03-analysis,measure-theory,pending,,classifier=measure-theory,2026-06-26T00:22:25+00:00,
SRC-000210,Measure-And-Intergration-Berberian.pdf,D:\Readings\Analysis\Measure Theory\Measure-And-Intergration-Berberian.pdf,Measure-And-Intergration-Berberian,,"Munroe,m.e",03-analysis,measure-theory,pending,,classifier=measure-theory | flags=ambiguous_subject;manual_subject_review,2026-06-26T00:22:25+00:00,
SRC-000211,Real Analysis - Measure Theory - Integration and Hilbert Spaces - Stein.pdf,D:\Readings\Analysis\Measure Theory\Real Analysis - Measure Theory - Integration and Hilbert Spaces - Stein.pdf,Real Analysis - Measure Theory - Integration and Hilbert Spaces,9780691113869,Stein,03-analysis,functional-analysis,pending,,classifier=functional-analysis | local_bib=volume-iii-bounds-sequences-and-series,2026-06-26T00:22:25+00:00,
SRC-000212,Measure_Cohn.pdf,D:\Readings\Analysis\Measure_Cohn.pdf,Measure Cohn,9781461469551,Donald L. Cohn,03-analysis,measure-theory,pending,,classifier=measure-theory | local_bib=volume-iii-bounds-sequences-and-series | flags=ambiguous_subject,2026-06-26T00:22:25+00:00,
SRC-000213,Methods of Mathematical Physics Vol 1- Hilbert.pdf,D:\Readings\Analysis\Methods of Mathematical Physics Vol 1- Hilbert.pdf,Methods of Mathematical Physics Vol 1- Hilbert,,,03-analysis,functional-analysis,pending,,classifier=functional-analysis | flags=manual_subject_review;missing_toc;needs_ocr,2026-06-26T00:22:25+00:00,
SRC-000214,Methods of Mathematical Physics Vol 2- Hilbert.pdf,D:\Readings\Analysis\Methods of Mathematical Physics Vol 2- Hilbert.pdf,Methods of Mathematical Physics Vol 2- Hilbert,,,03-analysis,functional-analysis,pending,,classifier=functional-analysis | flags=manual_subject_review;missing_toc;needs_ocr,2026-06-26T00:22:25+00:00,
SRC-000215,A Comprehensive Textbook on Metric Spaces - Kainth.pdf,D:\Readings\Analysis\Metric Spaces\A Comprehensive Textbook on Metric Spaces - Kainth.pdf,A Comprehensive Textbook on Metric Spaces,9789819927371,Kainth,03-analysis,real-analysis,pending,,classifier=real-analysis | local_bib=volume-v-complex-analysis,2026-06-26T00:22:25+00:00,
SRC-000216,An_Introduction_to_Metric_Spaces.pdf,D:\Readings\Analysis\Metric Spaces\An_Introduction_to_Metric_Spaces.pdf,An Introduction to Metric Spaces,9783319713878,Samuel E. Andersson,03-analysis,real-analysis,pending,,classifier=real-analysis | local_bib=volume-v-complex-analysis | flags=ambiguous_subject;manual_subject_review,2026-06-26T00:22:25+00:00,
SRC-000217,Metric Spaces - Copson.pdf,D:\Readings\Analysis\Metric Spaces\Metric Spaces - Copson.pdf,Metric Spaces,,Copson,11-reference-and-miscellaneous,uncategorized,pending,,classifier=unknown | local_bib=volume-v-complex-analysis | flags=manual_subject_review;missing_toc;needs_ocr;unknown_subject,2026-06-26T00:22:25+00:00,
SRC-000218,Metric Spaces - Vasudeva.pdf,D:\Readings\Analysis\Metric Spaces\Metric Spaces - Vasudeva.pdf,Metric Spaces,1852339225,Vasudeva,03-analysis,real-analysis,pending,,classifier=real-analysis | local_bib=volume-v-complex-analysis,2026-06-26T00:22:25+00:00,
SRC-000219,metric-spaces (1).pdf,D:\Readings\Analysis\metric-spaces (1).pdf,metric-spaces (1),,E. T. Copson,00-foundations,mathematical-logic,pending,,classifier=logic-model-theory | local_bib=volume-v-complex-analysis | flags=manual_subject_review;missing_toc,2026-06-26T00:22:25+00:00,
SRC-000221,Models of Peano Arithmetic - Kaye.pdf,D:\Readings\Analysis\Models of Peano Arithmetic - Kaye.pdf,Models of Peano Arithmetic,019853213X,Kaye,00-foundations,mathematical-logic,pending,,classifier=logic-model-theory,2026-06-26T00:22:25+00:00,
SRC-000222,Modern Real Analysis - Zeimer.pdf,D:\Readings\Analysis\Modern Real Analysis - Zeimer.pdf,Modern Real Analysis,,Zeimer,03-analysis,measure-theory,pending,,classifier=measure-theory,2026-06-26T00:22:25+00:00,
SRC-000224,morris-tenenbaum-harry-pollard-ordinary-differential-equations-copy.pdf,D:\Readings\Analysis\morris-tenenbaum-harry-pollard-ordinary-differential-equations-copy.pdf,morris-tenenbaum-harry-pollard-ordinary-differential-equations-copy,,,11-reference-and-miscellaneous,uncategorized,pending,,classifier=unknown | flags=manual_subject_review;missing_toc;needs_ocr;unknown_subject,2026-06-26T00:22:25+00:00,
SRC-000225,mspaces.pdf,D:\Readings\Analysis\mspaces.pdf,mspaces,,Jiri Lebl,03-analysis,real-analysis,pending,,classifier=real-analysis | flags=manual_subject_review;missing_toc,2026-06-26T00:22:25+00:00,
SRC-000226,Multivariable Calculus - Shurman.pdf,D:\Readings\Analysis\Multivariable Calculus - Shurman.pdf,Multivariable Calculus,,Shurman,03-analysis,calculus,pending,,classifier=calculus,2026-06-26T00:22:25+00:00,
SRC-000227,An Introduction to Set Theory and Analysis - Stillwell.pdf,D:\Readings\Analysis\New folder\An Introduction to Set Theory and Analysis - Stillwell.pdf,An Introduction to Set Theory and Analysis,9783319015767,Stillwell,03-analysis,real-analysis,pending,,classifier=real-analysis | local_bib=volume-ii-discrete-number-systems,2026-06-26T00:22:25+00:00,
SRC-000228,and Riemann Surfaces for Undergraduates - Curves.pdf,D:\Readings\Analysis\New folder\and Riemann Surfaces for Undergraduates - Curves.pdf,and Riemann Surfaces for Undergraduates,9783031116155,Curves,04-topology-and-geometry,euclidean-and-classical-geometry,pending,,classifier=geometry | flags=ambiguous_subject;manual_subject_review,2026-06-26T00:22:25+00:00,
SRC-000229,Arnoud van Rooij From Distance to Neighborhood e2 - Buskes.pdf,D:\Readings\Analysis\New folder\Arnoud van Rooij From Distance to Neighborhood e2 - Buskes.pdf,Arnoud van Rooij From Distance to Neighborhood,9781461206651,Buskes,04-topology-and-geometry,point-set-topology,pending,,classifier=topology | local_bib=volume-v-complex-analysis,2026-06-26T00:22:25+00:00,
SRC-000230,Asymptotic Analysis and Singular Perturbation Theory - Hunter.pdf,D:\Readings\Analysis\New folder\Asymptotic Analysis and Singular Perturbation Theory - Hunter.pdf,Asymptotic Analysis and Singular Perturbation Theory,,Hunter,03-analysis,calculus,pending,,classifier=calculus | flags=manual_subject_review,2026-06-26T00:22:25+00:00,
SRC-000231,bok%3A978-3-030-60163-8.pdf,D:\Readings\Analysis\New folder\bok%3A978-3-030-60163-8.pdf,bok%3A978-3-030-60163-8,9783030601621,Liviu C. Florescu,03-analysis,measure-theory,pending,,classifier=measure-theory | local_bib=volume-iii-bounds-sequences-and-series,2026-06-26T00:22:25+00:00,
SRC-000232,bok%3A978-3-031-54831-4.pdf,D:\Readings\Analysis\New folder\bok%3A978-3-031-54831-4.pdf,Fundamentals of Real and Complex Analysis,9783031548307,"Asuman G\""uven Aksoy",03-analysis,complex-analysis,pending,,classifier=complex-analysis | local_bib=volume-iii-bounds-sequences-and-series,2026-06-26T00:22:25+00:00,
SRC-000233,bok%3A978-3-031-67202-6.pdf,D:\Readings\Analysis\New folder\bok%3A978-3-031-67202-6.pdf,bok%3A978-3-031-67202-6,9783031672019,Ana Alves,03-analysis,calculus,pending,,classifier=calculus | flags=ambiguous_subject;manual_subject_review,2026-06-26T00:22:25+00:00,
SRC-000234,bok%3A978-3-662-69115-1.pdf,D:\Readings\Analysis\New folder\bok%3A978-3-662-69115-1.pdf,bok%3A978-3-662-69115-1,9783662691144,Springer Berlin Heidelberg. All Rights,03-analysis,complex-analysis,pending,,classifier=complex-analysis | local_bib=volume-iii-bounds-sequences-and-series,2026-06-26T00:22:25+00:00,
SRC-000235,Complex Analysis e2 - Gamelin.pdf,D:\Readings\Analysis\New folder\Complex Analysis e2 - Gamelin.pdf,Complex Analysis,9780387216072,Gamelin,03-analysis,complex-analysis,pending,,classifier=complex-analysis | local_bib=volume-iii-bounds-sequences-and-series,2026-06-26T00:22:25+00:00,
SRC-000236,Curves and Surfaces for Computer Graphics - Salomon.pdf,D:\Readings\Analysis\New folder\Curves and Surfaces for Computer Graphics - Salomon.pdf,Curves and Surfaces for Computer Graphics,9780387241968,Salomon,04-topology-and-geometry,euclidean-and-classical-geometry,pending,,classifier=geometry | local_bib=volume-vi-algebra,2026-06-26T00:22:25+00:00,
SRC-000238,Diﬀ erential Geometry of Curves and Surfaces - Tapp.pdf,D:\Readings\Analysis\New folder\Diﬀ erential Geometry of Curves and Surfaces - Tapp.pdf,Diﬀ erential Geometry of Curves and Surfaces,9783319397986,Tapp,04-topology-and-geometry,euclidean-and-classical-geometry,pending,,classifier=geometry | local_bib=volume-v-complex-analysis | flags=ambiguous_subject;manual_subject_review,2026-06-26T00:22:25+00:00,
SRC-000239,Elements of Measure and Probability - Bose.pdf,D:\Readings\Analysis\New folder\Elements of Measure and Probability - Bose.pdf,Elements of Measure and Probability,9788198831767,Bose,03-analysis,real-analysis,pending,,classifier=real-analysis | local_bib=volume-iii-bounds-sequences-and-series,2026-06-26T00:22:25+00:00,
SRC-000240,Elements of Number Theory e2 - Il.pdf,D:\Readings\Analysis\New folder\Elements of Number Theory e2 - Il.pdf,Elements of Number Theory,9780387217352,Il,01-algebra,abstract-algebra,pending,,classifier=abstract-algebra | local_bib=volume-v-complex-analysis | flags=ambiguous_subject;manual_subject_review,2026-06-26T00:22:25+00:00,
SRC-000241,Galois Theory Through - Through.pdf,D:\Readings\Analysis\New folder\Galois Theory Through - Through.pdf,Galois Theory Through,9783319723259,Through,01-algebra,abstract-algebra,pending,,classifier=abstract-algebra,2026-06-26T00:22:25+00:00,
SRC-000242,in Graph Theory and Combinatorics e2 - Murty.pdf,D:\Readings\Analysis\New folder\in Graph Theory and Combinatorics e2 - Murty.pdf,in Graph Theory and Combinatorics,9788195196180,Murty,07-discrete-mathematics-and-combinatorics,combinatorics,pending,,classifier=combinatorics-graph-theory,2026-06-26T00:22:25+00:00,
SRC-000243,Introduction to Numerical Methods in - Holmes.pdf,D:\Readings\Analysis\New folder\Introduction to Numerical Methods in - Holmes.pdf,Introduction to Numerical Methods in,9780387308913,Holmes,05-differential-equations-and-dynamical-systems,ordinary-differential-equations,pending,,classifier=ode-dynamical-systems | flags=ambiguous_subject;manual_subject_review,2026-06-26T00:22:25+00:00,
SRC-000244,Math 537 - Mahaffy.pdf,D:\Readings\Analysis\New folder\Math 537 - Mahaffy.pdf,Math 537,,Mahaffy,05-differential-equations-and-dynamical-systems,ordinary-differential-equations,pending,,classifier=ode-dynamical-systems | flags=ambiguous_subject;manual_subject_review;missing_toc,2026-06-26T00:22:25+00:00,
SRC-000246,Mathematical Logic e2 - Ebbinghaus.pdf,D:\Readings\Analysis\New folder\Mathematical Logic e2 - Ebbinghaus.pdf,Mathematical Logic,9781475723557,Ebbinghaus,00-foundations,mathematical-logic,pending,,classifier=logic-model-theory | local_bib=volume-viii-applied-methods,2026-06-26T00:22:25+00:00,
SRC-000248,Measure Integration - Shirali.pdf,D:\Readings\Analysis\New folder\Measure Integration - Shirali.pdf,Measure Integration,9783030187460,Shirali,03-analysis,real-analysis,pending,,classifier=real-analysis | local_bib=volume-iii-bounds-sequences-and-series | flags=ambiguous_subject;manual_subject_review,2026-06-26T00:22:25+00:00,
SRC-000250,Measure Theory for Analysis - Goswami.pdf,D:\Readings\Analysis\New folder\Measure Theory for Analysis - Goswami.pdf,Measure Theory for Analysis,9789819779284,Goswami,03-analysis,measure-theory,pending,,classifier=measure-theory,2026-06-26T00:22:25+00:00,
SRC-000251,Model Theory - Rizza.pdf,D:\Readings\Analysis\New folder\Model Theory - Rizza.pdf,Model Theory,9783032037954,Rizza,00-foundations,mathematical-logic,pending,,classifier=logic-model-theory,2026-06-26T00:22:25+00:00,
SRC-000252,modern-control-engineering-kogata-3rd-edition.pdf,D:\Readings\Analysis\New folder\modern-control-engineering-kogata-3rd-edition.pdf,modern-control-engineering-kogata-3rd-edition,,Administrador,11-reference-and-miscellaneous,uncategorized,pending,,classifier=unknown | flags=manual_subject_review;missing_toc;needs_ocr;unknown_subject,2026-06-26T00:22:25+00:00,
SRC-000253,Nonlinear SysteIlls - Khalil-3rd.pdf,D:\Readings\Analysis\New folder\Nonlinear SysteIlls - Khalil-3rd.pdf,Nonlinear SysteIlls,0130673897,Khalil-3rd,05-differential-equations-and-dynamical-systems,ordinary-differential-equations,pending,,classifier=ode-dynamical-systems | flags=ambiguous_subject;manual_subject_review,2026-06-26T00:22:25+00:00,
SRC-000254,of Conics e2 - Glaeser.pdf,D:\Readings\Analysis\New folder\of Conics e2 - Glaeser.pdf,of Conics,9783662703052,Glaeser,04-topology-and-geometry,euclidean-and-classical-geometry,pending,,classifier=geometry | local_bib=volume-v-complex-analysis,2026-06-26T00:22:25+00:00,
SRC-000255,of the Riemann Integral - Torchinsky.pdf,D:\Readings\Analysis\New folder\of the Riemann Integral - Torchinsky.pdf,of the Riemann Integral,9783031117985,Torchinsky,03-analysis,calculus,pending,,classifier=calculus | local_bib=volume-iii-bounds-sequences-and-series | flags=ambiguous_subject;manual_subject_review,2026-06-26T00:22:25+00:00,
SRC-000256,Ogata – Modern Control Engineering.pdf,D:\Readings\Analysis\New folder\Ogata – Modern Control Engineering.pdf,Modern Control Engineering,9780136156734,Katsuhiko Ogata,03-analysis,calculus,pending,,classifier=calculus | flags=ambiguous_subject,2026-06-26T00:22:25+00:00,
SRC-000257,Ordered Sets e2 - Sets.pdf,D:\Readings\Analysis\New folder\Ordered Sets e2 - Sets.pdf,Ordered Sets,9783319297866,Sets,00-foundations,mathematical-logic,pending,,classifier=logic-model-theory,2026-06-26T00:22:25+00:00,
SRC-000258,Perturbation Theory for Linear Operators e1980 - Kato.pdf,D:\Readings\Analysis\New folder\Perturbation Theory for Linear Operators e1980 - Kato.pdf,Perturbation Theory for Linear Operators,0387035265,Kato,01-algebra,linear-algebra,pending,,classifier=linear-algebra,2026-06-26T00:22:25+00:00,
SRC-000259,Readings in Mathematics Readings in Mathematics e2 - Ebbinghaus.pdf,D:\Readings\Analysis\New folder\Readings in Mathematics Readings in Mathematics e2 - Ebbinghaus.pdf,Readings in Mathematics Readings in Mathematics,0387974970,Ebbinghaus,01-algebra,linear-algebra,pending,,classifier=linear-algebra,2026-06-26T00:22:25+00:00,
SRC-000260,Regular perturbation expansions - Wilson.pdf,D:\Readings\Analysis\New folder\Regular perturbation expansions - Wilson.pdf,Regular perturbation expansions,,Wilson,05-differential-equations-and-dynamical-systems,ordinary-differential-equations,pending,,classifier=ode-dynamical-systems | flags=manual_subject_review;missing_toc,2026-06-26T00:22:25+00:00,
SRC-000261,Robert D. Poodiack • William E. Wood Squigonometry - Poodiack.pdf,D:\Readings\Analysis\New folder\Robert D. Poodiack • William E. Wood Squigonometry - Poodiack.pdf,Robert D. Poodiack • William E. Wood Squigonometry,9783031137822,Poodiack,03-analysis,calculus,pending,,classifier=calculus,2026-06-26T00:22:25+00:00,
SRC-000262,RtoRbook.dvi - From.pdf,D:\Readings\Analysis\New folder\RtoRbook.dvi - From.pdf,RtoRbook.dvi,,From,03-analysis,real-analysis,pending,,classifier=real-analysis | flags=manual_subject_review;missing_toc,2026-06-26T00:22:25+00:00,
SRC-000263,Seven Sketches in Compositionality - An Invation to Applied Category THeory.pdf,D:\Readings\Analysis\New folder\Seven Sketches in Compositionality - An Invation to Applied Category THeory.pdf,Seven Sketches in Compositionality - An Invation to Applied Category THeory,,Riehl,00-foundations,category-theory,pending,,classifier=category-theory,2026-06-26T00:22:25+00:00,
SRC-000264,Simple Type Theory e2 - Farmer.pdf,D:\Readings\Analysis\New folder\Simple Type Theory e2 - Farmer.pdf,Simple Type Theory,9783031853517,Farmer,00-foundations,mathematical-logic,pending,,classifier=logic-model-theory,2026-06-26T00:22:25+00:00,
SRC-000265,Slotine and Li applied nonlinear control- bad quality.pdf,D:\Readings\Analysis\New folder\Slotine and Li applied nonlinear control- bad quality.pdf,Slotine and Li applied nonlinear control- bad quality,0130408905,Prentice-Hall,05-differential-equations-and-dynamical-systems,ordinary-differential-equations,pending,,classifier=ode-dynamical-systems,2026-06-26T00:22:25+00:00,
SRC-000266,slotine and Li- Applied Non-linear Control- 60Mb.pdf,D:\Readings\Analysis\New folder\slotine and Li- Applied Non-linear Control- 60Mb.pdf,slotine and Li- Applied Non-linear Control- 60Mb,,,11-reference-and-miscellaneous,uncategorized,pending,,classifier=unknown | flags=manual_subject_review;missing_toc;needs_ocr;unknown_subject,2026-06-26T00:22:25+00:00,
SRC-000267,The Number Systems of Analysis - rational sequences.pdf,D:\Readings\Analysis\New folder\The Number Systems of Analysis - rational sequences.pdf,The Number Systems of Analysis,,rational sequences,03-analysis,real-analysis,pending,,classifier=real-analysis | flags=missing_toc,2026-06-26T00:22:25+00:00,
SRC-000270,New3rdEditionODE.pdf,D:\Readings\Analysis\New3rdEditionODE.pdf,New3rdEditionODE,,,11-reference-and-miscellaneous,uncategorized,pending,,classifier=unknown | flags=manual_subject_review;missing_toc;needs_ocr;unknown_subject,2026-06-26T00:22:25+00:00,
SRC-000271,notes_MAR31st.pdf,D:\Readings\Analysis\notes_MAR31st.pdf,notes MAR31st,,Modeling,06-probability-statistics-and-information,probability-theory,pending,,classifier=probability,2026-06-26T00:22:25+00:00,
SRC-000272,ntu-gmt-text.pdf,D:\Readings\Analysis\ntu-gmt-text.pdf,ntu-gmt-text,,NSF,04-topology-and-geometry,differential-geometry,pending,,classifier=differential-geometry,2026-06-26T00:22:25+00:00,
SRC-000273,number-systems-and-the-foundations-of-analysis-mendelson.pdf,D:\Readings\Analysis\number-systems-and-the-foundations-of-analysis-mendelson.pdf,number-systems-and-the-foundations-of-analysis-mendelson,,,11-reference-and-miscellaneous,uncategorized,pending,,classifier=unknown | flags=manual_subject_review;missing_toc;needs_ocr;unknown_subject,2026-06-26T00:22:25+00:00,
SRC-000275,Numerical Analysis - A graduate course.pdf,D:\Readings\Analysis\Numerical Analysis - A graduate course.pdf,Numerical Analysis,9783031081200,A graduate course,08-applied-and-computational-mathematics,numerical-analysis,pending,,classifier=numerical-analysis | flags=ambiguous_subject,2026-06-26T00:22:25+00:00,
SRC-000277,Numerical Approximation of Ordinary Differential Problems - DAmbrosio.pdf,D:\Readings\Analysis\Numerical Approximation of Ordinary Differential Problems - DAmbrosio.pdf,Numerical Approximation of Ordinary Differential Problems,9783031313424,DAmbrosio,05-differential-equations-and-dynamical-systems,ordinary-differential-equations,pending,,classifier=ode-dynamical-systems,2026-06-26T00:22:25+00:00,
SRC-000278,Differential Equations - Chua.pdf,D:\Readings\Analysis\ODE\Differential Equations - Chua.pdf,Differential Equations,,Chua,03-analysis,calculus,pending,,classifier=calculus | flags=ambiguous_subject;manual_subject_review,2026-06-26T00:22:25+00:00,
SRC-000279,on-approximation-by-rational-functions-to-an-arbitrary-3wrf53y11l.pdf,D:\Readings\Analysis\on-approximation-by-rational-functions-to-an-arbitrary-3wrf53y11l.pdf,On approximation by rational functions to an arbitrary function of a complex variable,,J. L. Walsh,03-analysis,calculus,pending,,classifier=calculus | flags=ambiguous_subject;manual_subject_review;missing_toc,2026-06-26T00:22:25+00:00,
SRC-000281,Ordinal Analysis with an Introduction to Proof Theory - Arai.pdf,D:\Readings\Analysis\Ordinal Analysis with an Introduction to Proof Theory - Arai.pdf,Ordinal Analysis with an Introduction to Proof Theory,9789811564581,Arai,00-foundations,mathematical-logic,pending,,classifier=logic-model-theory,2026-06-26T00:22:25+00:00,
SRC-000282,0405454v1.pdf,D:\Readings\Analysis\pde\0405454v1.pdf,0405454v1,,,04-topology-and-geometry,point-set-topology,pending,,classifier=topology | flags=ambiguous_subject;manual_subject_review;missing_toc,2026-06-26T00:22:25+00:00,
SRC-000283,15chapter12.pdf,D:\Readings\Analysis\pde\15chapter12.pdf,15chapter12,,Gentzen,00-foundations,mathematical-logic,pending,,classifier=logic-model-theory | flags=ambiguous_subject;manual_subject_review;missing_toc,2026-06-26T00:22:25+00:00,
SRC-000284,1604.04655v1.pdf,D:\Readings\Analysis\pde\1604.04655v1.pdf,1604.04655v1,,,00-foundations,mathematical-logic,pending,,classifier=logic-model-theory | flags=ambiguous_subject;manual_subject_review;missing_toc,2026-06-26T00:22:25+00:00,
SRC-000285,18.pdf,D:\Readings\Analysis\pde\18.pdf,18,0387951423,Michael Koy,03-analysis,calculus,pending,,classifier=calculus | flags=ambiguous_subject;manual_subject_review,2026-06-26T00:22:25+00:00,
SRC-000286,1901.03022v1.pdf,D:\Readings\Analysis\pde\1901.03022v1.pdf,.03022v1,,,05-differential-equations-and-dynamical-systems,partial-differential-equations,pending,,classifier=partial-differential-equations,2026-06-26T00:22:25+00:00,
SRC-000287,220notes3.pdf,D:\Readings\Analysis\pde\220notes3.pdf,220notes3,,,03-analysis,calculus,pending,,classifier=calculus | flags=ambiguous_subject;manual_subject_review;missing_toc,2026-06-26T00:22:25+00:00,
SRC-000288,2305.10888v3.pdf,D:\Readings\Analysis\pde\2305.10888v3.pdf,2305.10888v3,,Rosalie Iemhoff; Raheleh Jalali,00-foundations,mathematical-logic,pending,,classifier=logic-model-theory,2026-06-26T00:22:25+00:00,
SRC-000289,2507.04449v1.pdf,D:\Readings\Analysis\pde\2507.04449v1.pdf,2507.04449v1,,Khashayar,03-analysis,calculus,pending,,classifier=calculus | flags=ambiguous_subject;manual_subject_review;missing_toc,2026-06-26T00:22:25+00:00,
SRC-000290,310notesV.pdf,D:\Readings\Analysis\pde\310notesV.pdf,310notesV,,,11-reference-and-miscellaneous,uncategorized,pending,,classifier=unknown | flags=manual_subject_review;missing_toc;unknown_subject,2026-06-26T00:22:25+00:00,
SRC-000291,A Course in Model Theory I - Grossberg.pdf,D:\Readings\Analysis\pde\A Course in Model Theory I - Grossberg.pdf,A Course in Model Theory I,,Grossberg,00-foundations,mathematical-logic,pending,,classifier=logic-model-theory,2026-06-26T00:22:25+00:00,
SRC-000292,A First Course in Partial Differential Equations - Herman.pdf,D:\Readings\Analysis\pde\A First Course in Partial Differential Equations - Herman.pdf,Partial Differential Equations,,Herman,05-differential-equations-and-dynamical-systems,partial-differential-equations,pending,,classifier=partial-differential-equations,2026-06-26T00:22:25+00:00,
SRC-000293,a short introduction to partial differential equations.pdf,D:\Readings\Analysis\pde\a short introduction to partial differential equations.pdf,a short introduction to partial differential equations,9783031395239,Karl Dilcher,05-differential-equations-and-dynamical-systems,partial-differential-equations,pending,,classifier=partial-differential-equations,2026-06-26T00:22:25+00:00,
SRC-000294,AhmedLR (1).pdf,D:\Readings\Analysis\pde\AhmedLR (1).pdf,AhmedLR (1),,,03-analysis,calculus,pending,,classifier=calculus | flags=ambiguous_subject;manual_subject_review,2026-06-26T00:22:25+00:00,
SRC-000296,Algebraic Curves and Surfaces  A History of Shapes  - Buse.pdf,D:\Readings\Analysis\pde\Algebraic Curves and Surfaces  A History of Shapes  - Buse.pdf,Algebraic Curves and Surfaces A History of Shapes,9783031241505,Buse,04-topology-and-geometry,euclidean-and-classical-geometry,pending,,classifier=geometry,2026-06-26T00:22:25+00:00,
SRC-000297,amstext-20-prev.pdf,D:\Readings\Analysis\pde\amstext-20-prev.pdf,amstext-20-prev,,,03-analysis,real-analysis,pending,,classifier=real-analysis | flags=manual_subject_review;missing_toc,2026-06-26T00:22:25+00:00,
SRC-000298,amstext-23-prev.pdf,D:\Readings\Analysis\pde\amstext-23-prev.pdf,amstext-23-prev,,Section,11-reference-and-miscellaneous,uncategorized,pending,,classifier=unknown | flags=manual_subject_review;missing_toc;unknown_subject,2026-06-26T00:22:25+00:00,
SRC-000301,Analytical Geometry of Two and Three Dimensions .pdf,D:\Readings\Analysis\pde\Analytical Geometry of Two and Three Dimensions .pdf,Analytical Geometry of Two and Three Dimensions,9788173815416,,11-reference-and-miscellaneous,uncategorized,pending,,classifier=unknown | flags=manual_subject_review;unknown_subject,2026-06-26T00:22:25+00:00,
SRC-000302,AnalyticalGeometry3DMcCrea (1).pdf,D:\Readings\Analysis\pde\AnalyticalGeometry3DMcCrea (1).pdf,AnalyticalGeometry3DMcCrea (1),,,11-reference-and-miscellaneous,uncategorized,pending,,classifier=unknown | flags=manual_subject_review;missing_toc;needs_ocr;unknown_subject,2026-06-26T00:22:25+00:00,
SRC-000305,calculus and analysis on euclidean space - shurman.pdf,D:\Readings\Analysis\pde\calculus and analysis on euclidean space - shurman.pdf,calculus and analysis on euclidean space,9783319493121,shurman,03-analysis,calculus,pending,,classifier=calculus,2026-06-26T00:22:25+00:00,
SRC-000306,calculus-book1.pdf,D:\Readings\Analysis\pde\calculus-book1.pdf,calculus-book1,9780495011699,Tucker,03-analysis,calculus,pending,,classifier=calculus,2026-06-26T00:22:25+00:00,
SRC-000307,Ch1PeanoAxioms.pdf,D:\Readings\Analysis\pde\Ch1PeanoAxioms.pdf,Ch1PeanoAxioms,,Wayne Aitken,00-foundations,mathematical-logic,pending,,classifier=logic-model-theory | flags=ambiguous_subject;manual_subject_review;missing_toc,2026-06-26T00:22:25+00:00,
SRC-000308,ch3-seqcalc.pdf,D:\Readings\Analysis\pde\ch3-seqcalc.pdf,ch3-seqcalc,,Gentzen,03-analysis,calculus,pending,,classifier=calculus | flags=ambiguous_subject;manual_subject_review;missing_toc,2026-06-26T00:22:25+00:00,
SRC-000309,ch5.pdf,D:\Readings\Analysis\pde\ch5.pdf,ch5,,,03-analysis,real-analysis,pending,,classifier=real-analysis | flags=ambiguous_subject;manual_subject_review;missing_toc,2026-06-26T00:22:25+00:00,
SRC-000310,chapter11_precal.pdf,D:\Readings\Analysis\pde\chapter11_precal.pdf,chapter11 precal,,SCasella,11-reference-and-miscellaneous,uncategorized,pending,,classifier=unknown | flags=manual_subject_review;missing_toc;unknown_subject,2026-06-26T00:22:25+00:00,
SRC-000311,Colloquium_Week_3_Dedekind_Cuts.pdf,D:\Readings\Analysis\pde\Colloquium_Week_3_Dedekind_Cuts.pdf,Colloquium Week 3 Dedekind Cuts,,,00-foundations,set-theory,pending,,classifier=set-theory | flags=manual_subject_review;missing_toc,2026-06-26T00:22:25+00:00,
SRC-000312,Construction.of.R.pdf,D:\Readings\Analysis\pde\Construction.of.R.pdf,Construction.of.R,,Bolzano,03-analysis,real-analysis,pending,,classifier=real-analysis | flags=manual_subject_review,2026-06-26T00:22:25+00:00,
SRC-000313,Constructions_of_the_real_numbers.pdf,D:\Readings\Analysis\pde\Constructions_of_the_real_numbers.pdf,Constructions of the real numbers,,Lothar Sebastian Krapp Constructions,01-algebra,abstract-algebra,pending,,classifier=abstract-algebra | flags=ambiguous_subject;manual_subject_review,2026-06-26T00:22:25+00:00,
SRC-000314,David F. Griffiths.pdf,D:\Readings\Analysis\pde\David F. Griffiths.pdf,David F. Griffiths,9783319225685,,08-applied-and-computational-mathematics,numerical-analysis,pending,,classifier=numerical-analysis | flags=ambiguous_subject;manual_subject_review,2026-06-26T00:22:25+00:00,
SRC-000315,dedekind.pdf,D:\Readings\Analysis\pde\dedekind.pdf,dedekind,,Wooster,00-foundations,set-theory,pending,,classifier=set-theory | flags=ambiguous_subject;manual_subject_review,2026-06-26T00:22:25+00:00,
SRC-000316,DiffGeomNotes_short.pdf,D:\Readings\Analysis\pde\DiffGeomNotes_short.pdf,DiffGeomNotes short,,,04-topology-and-geometry,differential-geometry,pending,,classifier=differential-geometry,2026-06-26T00:22:25+00:00,
SRC-000317,dokumen.pub_a-basic-course-in-topology-9783662706015-9783662706022.pdf,D:\Readings\Analysis\pde\dokumen.pub_a-basic-course-in-topology-9783662706015-9783662706022.pdf,A Basic Course in Topology,9783662706015,Gerd Laures,04-topology-and-geometry,point-set-topology,pending,,classifier=topology,2026-06-26T00:22:25+00:00,
SRC-000318,dokumen.pub_a-course-in-calculus-and-real-analysis-undergraduate-texts-in-mathematics-0387305300-9780387305301.pdf,D:\Readings\Analysis\pde\dokumen.pub_a-course-in-calculus-and-real-analysis-undergraduate-texts-in-mathematics-0387305300-9780387305301.pdf,dokumen.pub a-course-in-calculus-and-real-analysis-undergraduate-texts-in-mathematics-0387305300-9780387305301,9780387305301,Its History. Readin,03-analysis,calculus,pending,,classifier=calculus,2026-06-26T00:22:25+00:00,
SRC-000319,dokumen.pub_a-course-in-python-the-core-of-the-language-1nbsped-3031497791-9783031497797.pdf,D:\Readings\Analysis\pde\dokumen.pub_a-course-in-python-the-core-of-the-language-1nbsped-3031497791-9783031497797.pdf,dokumen.pub a-course-in-python-the-core-of-the-language-1nbsped-3031497791-9783031497797,9783031497797,,01-algebra,abstract-algebra,pending,,classifier=abstract-algebra | flags=ambiguous_subject;manual_subject_review,2026-06-26T00:22:25+00:00,
SRC-000320,dokumen.pub_a-course-in-the-calculus-of-variations-optimization-regularity-and-modeling-1nbsped-9783031450358-9783031450365.pdf,D:\Readings\Analysis\pde\dokumen.pub_a-course-in-the-calculus-of-variations-optimization-regularity-and-modeling-1nbsped-9783031450358-9783031450365.pdf,A Course in the Calculus of Variations,9783031450358,,03-analysis,calculus,pending,,classifier=calculus,2026-06-26T00:22:25+00:00,
SRC-000321,dokumen.pub_a-course-on-optimal-control-1nbsped-3031366549-9783031366543.pdf,D:\Readings\Analysis\pde\dokumen.pub_a-course-on-optimal-control-1nbsped-3031366549-9783031366543.pdf,dokumen.pub a-course-on-optimal-control-1nbsped-3031366549-9783031366543,9783031366543,0008471,05-differential-equations-and-dynamical-systems,ordinary-differential-equations,pending,,classifier=ode-dynamical-systems | flags=ambiguous_subject,2026-06-26T00:22:25+00:00,
SRC-000322,dokumen.pub_algebra-i-chapters-1-3-2705656758-0201006391.pdf,D:\Readings\Analysis\pde\dokumen.pub_algebra-i-chapters-1-3-2705656758-0201006391.pdf,dokumen.pub algebra-i-chapters-1-3-2705656758-0201006391,,Hermann,01-algebra,abstract-algebra,pending,,classifier=abstract-algebra,2026-06-26T00:22:25+00:00,
SRC-000323,dokumen.pub_basic-analysis-v-functional-analysis-and-topology-1nbsped-1138055131-9781138055131.pdf,D:\Readings\Analysis\pde\dokumen.pub_basic-analysis-v-functional-analysis-and-topology-1nbsped-1138055131-9781138055131.pdf,Basic Analysis V: Functional Analysis and Topology,9780367768539,James K. Peterson,04-topology-and-geometry,point-set-topology,pending,,classifier=topology,2026-06-26T00:22:25+00:00,
SRC-000324,dokumen.pub_category-theory-using-haskell-1nbsped-3031685377-9783031685378-9783031685385.pdf,D:\Readings\Analysis\pde\dokumen.pub_category-theory-using-haskell-1nbsped-3031685377-9783031685378-9783031685385.pdf,dokumen.pub category-theory-using-haskell-1nbsped-3031685377-9783031685378-9783031685385,9783031685378,,00-foundations,category-theory,pending,,classifier=category-theory,2026-06-26T00:22:25+00:00,
SRC-000325,dokumen.pub_cauchys-calcul-infinitesimal-978-3-030-11035-2.pdf,D:\Readings\Analysis\pde\dokumen.pub_cauchys-calcul-infinitesimal-978-3-030-11035-2.pdf,dokumen.pub cauchys-calcul-infinitesimal-978-3-030-11035-2,9783030110352,0009172,03-analysis,calculus,pending,,classifier=calculus,2026-06-26T00:22:25+00:00,
SRC-000326,dokumen.pub_concise-introduction-to-logic-and-set-theory-mathematics-and-its-applications-1nbsped-0367077957-9780367077952 (1).pdf,D:\Readings\Analysis\pde\dokumen.pub_concise-introduction-to-logic-and-set-theory-mathematics-and-its-applications-1nbsped-0367077957-9780367077952 (1).pdf,Concise Introduction to Logic and Set Theory,9780367077952,Iqbal H. Jebril,00-foundations,set-theory,pending,,classifier=set-theory | flags=ambiguous_subject;manual_subject_review,2026-06-26T00:22:25+00:00,
SRC-000328,dokumen.pub_differential-analysis-on-complex-manifolds-third-edition.pdf,D:\Readings\Analysis\pde\dokumen.pub_differential-analysis-on-complex-manifolds-third-edition.pdf,dokumen.pub differential-analysis-on-complex-manifolds-third-edition,,Raymond O. Wells Jr.,04-topology-and-geometry,differential-geometry,pending,,classifier=differential-geometry,2026-06-26T00:22:25+00:00,
SRC-000329,dokumen.pub_discrete-mathematics-elementary-and-beyond-undergraduate-texts-in-mathematics-0387955844-9780387955841.pdf,D:\Readings\Analysis\pde\dokumen.pub_discrete-mathematics-elementary-and-beyond-undergraduate-texts-in-mathematics-0387955844-9780387955841.pdf,dokumen.pub discrete-mathematics-elementary-and-beyond-undergraduate-texts-in-mathematics-0387955844-9780387955841,0387955844,,11-reference-and-miscellaneous,uncategorized,pending,,classifier=unknown | flags=manual_subject_review;missing_toc;unknown_subject,2026-06-26T00:22:25+00:00,
SRC-000330,dokumen.pub_discrete-structures-1nbsped-3031734335-9783031734335-9783031734342-9783031734366.pdf,D:\Readings\Analysis\pde\dokumen.pub_discrete-structures-1nbsped-3031734335-9783031734335-9783031734342-9783031734366.pdf,dokumen.pub discrete-structures-1nbsped-3031734335-9783031734335-9783031734342-9783031734366,9783031734335,,00-foundations,mathematical-logic,pending,,classifier=logic-model-theory,2026-06-26T00:22:25+00:00,
SRC-000332,dokumen.pub_introduction-to-analysis-in-several-variables-advanced-calculus-pure-and-applied-undergraduate-texts-9781470456696-9781470460167-2020009735.pdf,D:\Readings\Analysis\pde\dokumen.pub_introduction-to-analysis-in-several-variables-advanced-calculus-pure-and-applied-undergraduate-texts-9781470456696-9781470460167-2020009735.pdf,Introduction to Analysis in Several Variables,9781470456696,Michael E. Taylor;,04-topology-and-geometry,differential-geometry,pending,,classifier=differential-geometry | flags=ambiguous_subject;manual_subject_review,2026-06-26T00:22:25+00:00,
SRC-000333,dokumen.pub_introduction-to-analysis-pure-and-applied-undergraduate-texts-5th-revised-0821847872-9780821847879 (1).pdf,D:\Readings\Analysis\pde\dokumen.pub_introduction-to-analysis-pure-and-applied-undergraduate-texts-5th-revised-0821847872-9780821847879 (1).pdf,dokumen.pub introduction-to-analysis-pure-and-applied-undergraduate-texts-5th-revised-0821847872-9780821847879 (1),9780821847879,,03-analysis,real-analysis,pending,,classifier=real-analysis | flags=ambiguous_subject,2026-06-26T00:22:25+00:00,
SRC-000335,dokumen.pub_introduction-to-calculus-and-classical-analysis-undergraduate-texts-in-mathematics-0387693157-9780387693156-0387693165-9780387693163.pdf,D:\Readings\Analysis\pde\dokumen.pub_introduction-to-calculus-and-classical-analysis-undergraduate-texts-in-mathematics-0387693157-9780387693156-0387693165-9780387693163.pdf,dokumen.pub introduction-to-calculus-and-classical-analysis-undergraduate-texts-in-mathematics-0387693157-9780387693156-0387693165-9780387693163,9780387693156,,03-analysis,calculus,pending,,classifier=calculus,2026-06-26T00:22:25+00:00,
SRC-000336,dokumen.pub_introduction-to-differential-geometry-and-riemannian-geometry-0802015018-9780802015013.pdf,D:\Readings\Analysis\pde\dokumen.pub_introduction-to-differential-geometry-and-riemannian-geometry-0802015018-9780802015013.pdf,dokumen.pub introduction-to-differential-geometry-and-riemannian-geometry-0802015018-9780802015013,0802015018,C. CECILIA KRIEGER,04-topology-and-geometry,differential-geometry,pending,,classifier=differential-geometry,2026-06-26T00:22:25+00:00,
SRC-000337,dokumen.pub_introduction-to-differential-geometry-and-riemannian-geometry-9781487589448.pdf,D:\Readings\Analysis\pde\dokumen.pub_introduction-to-differential-geometry-and-riemannian-geometry-9781487589448.pdf,dokumen.pub introduction-to-differential-geometry-and-riemannian-geometry-9781487589448,0802015018,C. CECILIA KRIEGER,04-topology-and-geometry,differential-geometry,pending,,classifier=differential-geometry,2026-06-26T00:22:25+00:00,
SRC-000338,dokumen.pub_introduction-to-topology-pure-and-applied-0131848690-9780131848696.pdf,D:\Readings\Analysis\pde\dokumen.pub_introduction-to-topology-pure-and-applied-0131848690-9780131848696.pdf,dokumen.pub introduction-to-topology-pure-and-applied-0131848690-9780131848696,,"Colin Adams, Robert Franzosa",04-topology-and-geometry,point-set-topology,pending,,classifier=topology,2026-06-26T00:22:25+00:00,
SRC-000339,dokumen.pub_involutive-category-theory-9783030612023-9783030612030.pdf,D:\Readings\Analysis\pde\dokumen.pub_involutive-category-theory-9783030612023-9783030612030.pdf,dokumen.pub involutive-category-theory-9783030612023-9783030612030,9783030612023,,00-foundations,category-theory,pending,,classifier=category-theory,2026-06-26T00:22:25+00:00,
SRC-000340,dokumen.pub_linear-algebra-the-sally-series-pure-and-applied-undergraduate-texts-57-1470469863-9781470469863.pdf,D:\Readings\Analysis\pde\dokumen.pub_linear-algebra-the-sally-series-pure-and-applied-undergraduate-texts-57-1470469863-9781470469863.pdf,Linear Algebra,9781470469863,"Dillon, Meighan I.;",01-algebra,linear-algebra,pending,,classifier=linear-algebra,2026-06-26T00:22:25+00:00,
SRC-000341,dokumen.pub_logic-and-set-theory.pdf,D:\Readings\Analysis\pde\dokumen.pub_logic-and-set-theory.pdf,dokumen.pub logic-and-set-theory,,Dexter Chua,00-foundations,set-theory,pending,,classifier=set-theory,2026-06-26T00:22:25+00:00,
SRC-000342,dokumen.pub_manifolds-vector-fields-and-differential-forms-9783031254086-9783031254093 (1).pdf,D:\Readings\Analysis\pde\dokumen.pub_manifolds-vector-fields-and-differential-forms-9783031254086-9783031254093 (1).pdf,dokumen.pub manifolds-vector-fields-and-differential-forms-9783031254086-9783031254093 (1),9783031254086,,04-topology-and-geometry,differential-geometry,pending,,classifier=differential-geometry,2026-06-26T00:22:25+00:00,
SRC-000344,dokumen.pub_measure-probability-and-functional-analysis-1nbsped-9783031840661-9783031840678.pdf,D:\Readings\Analysis\pde\dokumen.pub_measure-probability-and-functional-analysis-1nbsped-9783031840661-9783031840678.pdf,"Measure, Probability and Functional Analysis",9783031840661,,06-probability-statistics-and-information,probability-theory,pending,,classifier=probability,2026-06-26T00:22:25+00:00,
SRC-000345,dokumen.pub_multivariable-calculus-8thnbsped-978-1305266643.pdf,D:\Readings\Analysis\pde\dokumen.pub_multivariable-calculus-8thnbsped-978-1305266643.pdf,dokumen.pub multivariable-calculus-8thnbsped-978-1305266643,9781285741550,ISBN,03-analysis,calculus,pending,,classifier=calculus,2026-06-26T00:22:25+00:00,
SRC-000346,dokumen.pub_nonlinear-ordinary-differential-equations-analytical-approximation-and-numerical-methods-1.pdf,D:\Readings\Analysis\pde\dokumen.pub_nonlinear-ordinary-differential-equations-analytical-approximation-and-numerical-methods-1.pdf,dokumen.pub nonlinear-ordinary-differential-equations-analytical-approximation-and-numerical-methods-1,9788132228103,Springer Nature The,03-analysis,functional-analysis,pending,,classifier=functional-analysis | flags=ambiguous_subject;manual_subject_review,2026-06-26T00:22:25+00:00,
SRC-000347,dokumen.pub_partial-differential-equations-i-basic-theory-3nbsped-9783031338588-9783031338595 (1).pdf,D:\Readings\Analysis\pde\dokumen.pub_partial-differential-equations-i-basic-theory-3nbsped-9783031338588-9783031338595 (1).pdf,dokumen.pub partial-differential-equations-i-basic-theory-3nbsped-9783031338588-9783031338595 (1),9783031338588,,04-topology-and-geometry,differential-geometry,pending,,classifier=differential-geometry,2026-06-26T00:22:25+00:00,
SRC-000349,dokumen.pub_partial-differential-equations-ii-qualitative-studies-of-linear-equations-3nbsped-9783031336997-9783031337000 (1).pdf,D:\Readings\Analysis\pde\dokumen.pub_partial-differential-equations-ii-qualitative-studies-of-linear-equations-3nbsped-9783031336997-9783031337000 (1).pdf,dokumen.pub partial-differential-equations-ii-qualitative-studies-of-linear-equations-3nbsped-9783031336997-9783031337000 (1),9783031336997,,05-differential-equations-and-dynamical-systems,partial-differential-equations,pending,,classifier=partial-differential-equations | flags=ambiguous_subject,2026-06-26T00:22:25+00:00,
SRC-000351,dokumen.pub_partial-differential-equations-iii-nonlinear-equations-3nbsped-9783031339271-9783031339288 (1).pdf,D:\Readings\Analysis\pde\dokumen.pub_partial-differential-equations-iii-nonlinear-equations-3nbsped-9783031339271-9783031339288 (1).pdf,dokumen.pub partial-differential-equations-iii-nonlinear-equations-3nbsped-9783031339271-9783031339288 (1),9783031339271,,04-topology-and-geometry,differential-geometry,pending,,classifier=differential-geometry | flags=ambiguous_subject;manual_subject_review,2026-06-26T00:22:25+00:00,
SRC-000353,dokumen.pub_probability-theory-and-stochastic-processes-9783030401825-9783030401832.pdf,D:\Readings\Analysis\pde\dokumen.pub_probability-theory-and-stochastic-processes-9783030401825-9783030401832.pdf,dokumen.pub probability-theory-and-stochastic-processes-9783030401825-9783030401832,9783030401825,swf,06-probability-statistics-and-information,probability-theory,pending,,classifier=probability,2026-06-26T00:22:25+00:00,
SRC-000354,dokumen.pub_proof-theory-1nbsped-9783832589998-9783832533038.pdf,D:\Readings\Analysis\pde\dokumen.pub_proof-theory-1nbsped-9783832589998-9783832533038.pdf,Proof Theory,9783832533038,"Jervell, Herman Ruge;",00-foundations,mathematical-logic,pending,,classifier=logic-model-theory,2026-06-26T00:22:25+00:00,
SRC-000355,dokumen.pub_proof-theory-and-algebra-in-logic-1st-ed-2019-978-981-13-7996-3-978-981-13-7997-0.pdf,D:\Readings\Analysis\pde\dokumen.pub_proof-theory-and-algebra-in-logic-1st-ed-2019-978-981-13-7996-3-978-981-13-7997-0.pdf,dokumen.pub proof-theory-and-algebra-in-logic-1st-ed- -978-981-13-7996-3-978-981-13-7997-0,9789811379963,0014323,00-foundations,mathematical-logic,pending,,classifier=logic-model-theory,2026-06-26T00:22:25+00:00,
SRC-000356,dokumen.pub_real-and-functional-analysis-9783030382186-9783030382193.pdf,D:\Readings\Analysis\pde\dokumen.pub_real-and-functional-analysis-9783030382186-9783030382193.pdf,dokumen.pub real-and-functional-analysis-9783030382186-9783030382193,9783030382186,,04-topology-and-geometry,point-set-topology,pending,,classifier=topology | flags=ambiguous_subject,2026-06-26T00:22:25+00:00,
SRC-000357,dokumen.pub_real-and-functional-analysis-moscow-lectures-4-band-4-1nbsped-3030382184-9783030382186.pdf,D:\Readings\Analysis\pde\dokumen.pub_real-and-functional-analysis-moscow-lectures-4-band-4-1nbsped-3030382184-9783030382186.pdf,dokumen.pub real-and-functional-analysis-moscow-lectures-4-band-4-1nbsped-3030382184-9783030382186,9783030382186,,04-topology-and-geometry,point-set-topology,pending,,classifier=topology | flags=ambiguous_subject,2026-06-26T00:22:25+00:00,
SRC-000358,dokumen.pub_reverse-mathematics-proofs-from-the-inside-out-9781400889037.pdf,D:\Readings\Analysis\pde\dokumen.pub_reverse-mathematics-proofs-from-the-inside-out-9781400889037.pdf,dokumen.pub reverse-mathematics-proofs-from-the-inside-out-9781400889037,,John Stillwell Requests,00-foundations,mathematical-logic,pending,,classifier=logic-model-theory | flags=ambiguous_subject;manual_subject_review,2026-06-26T00:22:25+00:00,
SRC-000359,dokumen.pub_riemannian-geometry-2nbsped-2006923825-0387292462-9780387292465-0387294031.pdf,D:\Readings\Analysis\pde\dokumen.pub_riemannian-geometry-2nbsped-2006923825-0387292462-9780387292465-0387294031.pdf,dokumen.pub riemannian-geometry-2nbsped-2006923825-0387292462-9780387292465-0387294031,9780387292465,,04-topology-and-geometry,differential-geometry,pending,,classifier=differential-geometry,2026-06-26T00:22:25+00:00,
SRC-000360,dokumen.pub_set-theory-and-foundations-of-mathematics-an-introduction-to-mathematical-logic-vol-i-set-theory-2nbsped-9811297835-9789811297830 (1).pdf,D:\Readings\Analysis\pde\dokumen.pub_set-theory-and-foundations-of-mathematics-an-introduction-to-mathematical-logic-vol-i-set-theory-2nbsped-9811297835-9789811297830 (1).pdf,dokumen.pub set-theory-and-foundations-of-mathematics-an-introduction-to-mathematical-logic-vol-i-set-theory-2nbsped-9811297835-9789811297830 (1),9789811297830,"Douglas Cenzer, Christopher Porter & Jindřich Zapletal",00-foundations,mathematical-logic,pending,,classifier=logic-model-theory,2026-06-26T00:22:25+00:00,
SRC-000361,dokumen.pub_set-theory-with-an-introduction-to-descriptive-set-theory-second.pdf,D:\Readings\Analysis\pde\dokumen.pub_set-theory-with-an-introduction-to-descriptive-set-theory-second.pdf,dokumen.pub set-theory-with-an-introduction-to-descriptive-set-theory-second,,,11-reference-and-miscellaneous,uncategorized,pending,,classifier=unknown | flags=manual_subject_review;missing_toc;needs_ocr;unknown_subject,2026-06-26T00:22:25+00:00,
SRC-000362,dokumen.pub_tasty-bits-of-several-complex-variables-x-8763177.pdf,D:\Readings\Analysis\pde\dokumen.pub_tasty-bits-of-several-complex-variables-x-8763177.pdf,Tasty Bits of Several Complex Variables,,Jiří Lebl,03-analysis,calculus,pending,,classifier=calculus | flags=ambiguous_subject;manual_subject_review,2026-06-26T00:22:25+00:00,
SRC-000363,dokumen.pub_temporal-type-theory-a-topos-theoretic-approach-to-systems-and-behavior-1st-ed-978-3-030-00703-4-978-3-030-00704-1.pdf,D:\Readings\Analysis\pde\dokumen.pub_temporal-type-theory-a-topos-theoretic-approach-to-systems-and-behavior-1st-ed-978-3-030-00703-4-978-3-030-00704-1.pdf,dokumen.pub temporal-type-theory-a-topos-theoretic-approach-to-systems-and-behavior-1st-ed-978-3-030-00703-4-978-3-030-00704-1,9783030007034,,05-differential-equations-and-dynamical-systems,ordinary-differential-equations,pending,,classifier=ode-dynamical-systems,2026-06-26T00:22:25+00:00,
SRC-000364,dokumen.pub_the-tools-of-mathematical-reasoning-pure-and-applied-undergraduate-texts-1470428997-9781470428990 (1).pdf,D:\Readings\Analysis\pde\dokumen.pub_the-tools-of-mathematical-reasoning-pure-and-applied-undergraduate-texts-1470428997-9781470428990 (1).pdf,The tools of mathematical reasoning,9781470428990,Tamara J. Lakins,00-foundations,mathematical-logic,pending,,classifier=logic-model-theory | flags=ambiguous_subject;manual_subject_review,2026-06-26T00:22:25+00:00,
SRC-000366,dokumen.pub_the-volume-of-vector-fields-on-riemannian-manifolds-main-results-and-open-problems-9783031368561-9783031368578.pdf,D:\Readings\Analysis\pde\dokumen.pub_the-volume-of-vector-fields-on-riemannian-manifolds-main-results-and-open-problems-9783031368561-9783031368578.pdf,The Volume of Vector Fields on Riemannian Manifolds,9783031368561,Scopus,04-topology-and-geometry,differential-geometry,pending,,classifier=differential-geometry,2026-06-26T00:22:25+00:00,
SRC-000367,dokumen.pub_undergraduate-texts-in-mathematics-complex-analysis-third-edition-9781441972873.pdf,D:\Readings\Analysis\pde\dokumen.pub_undergraduate-texts-in-mathematics-complex-analysis-third-edition-9781441972873.pdf,dokumen.pub undergraduate-texts-in-mathematics-complex-analysis-third-edition-9781441972873,9781441972873,,03-analysis,complex-analysis,pending,,classifier=complex-analysis,2026-06-26T00:22:25+00:00,
SRC-000368,dokumen.pub_understanding-data-2nbsped-0802028772-0802073824-033509662x-9780335096626.pdf,D:\Readings\Analysis\pde\dokumen.pub_understanding-data-2nbsped-0802028772-0802073824-033509662x-9780335096626.pdf,dokumen.pub understanding-data-2nbsped-0802028772-0802073824-033509662x-9780335096626,0802028772,University,11-reference-and-miscellaneous,uncategorized,pending,,classifier=unknown | flags=manual_subject_review;unknown_subject,2026-06-26T00:22:25+00:00,
SRC-000369,dokumen.pub_vector-analysis-versus-vector-calculus.pdf,D:\Readings\Analysis\pde\dokumen.pub_vector-analysis-versus-vector-calculus.pdf,dokumen.pub vector-analysis-versus-vector-calculus,9781461421993,,03-analysis,calculus,pending,,classifier=calculus,2026-06-26T00:22:25+00:00,
SRC-000370,dokumen.pub_vector-calculus-and-differential-equations.pdf,D:\Readings\Analysis\pde\dokumen.pub_vector-calculus-and-differential-equations.pdf,dokumen.pub vector-calculus-and-differential-equations,,ALBERT G. FADELL Associate Professor,03-analysis,calculus,pending,,classifier=calculus,2026-06-26T00:22:25+00:00,
SRC-000371,dokumen.pub_vectors-and-functions-of-several-variables-2023nbsped-9819929342-9789819929344.pdf,D:\Readings\Analysis\pde\dokumen.pub_vectors-and-functions-of-several-variables-2023nbsped-9819929342-9789819929344.pdf,dokumen.pub vectors-and-functions-of-several-variables-2023nbsped-9819929342-9789819929344,9789819929344,,03-analysis,calculus,pending,,classifier=calculus,2026-06-26T00:22:25+00:00,
SRC-000372,dokumen.pub_vectors-pure-and-applied-a-general-introduction-to-linear-algebra.pdf,D:\Readings\Analysis\pde\dokumen.pub_vectors-pure-and-applied-a-general-introduction-to-linear-algebra.pdf,dokumen.pub vectors-pure-and-applied-a-general-introduction-to-linear-algebra,9781107033566,T. W. Körner,01-algebra,linear-algebra,pending,,classifier=linear-algebra,2026-06-26T00:22:25+00:00,
SRC-000373,Elementary Numerical Analysis  Atkinson.pdf,D:\Readings\Analysis\pde\Elementary Numerical Analysis  Atkinson.pdf,Elementary Numerical Analysis Atkinson,0471624896,John Wiley,08-applied-and-computational-mathematics,numerical-analysis,pending,,classifier=numerical-analysis,2026-06-26T00:22:25+00:00,
SRC-000374,Enderton1977ElementsOfSetTheory.pdf,D:\Readings\Analysis\pde\Enderton1977ElementsOfSetTheory.pdf,Enderton1977ElementsOfSetTheory,,,11-reference-and-miscellaneous,uncategorized,pending,,classifier=unknown | flags=manual_subject_review;missing_toc;needs_ocr;unknown_subject,2026-06-26T00:22:25+00:00,
SRC-000375,Finite_Vector_Spaces-Halmos_scan.pdf,D:\Readings\Analysis\pde\Finite_Vector_Spaces-Halmos_scan.pdf,Finite Vector Spaces-Halmos scan,,,01-algebra,linear-algebra,pending,,classifier=linear-algebra | flags=manual_subject_review;missing_toc;needs_ocr,2026-06-26T00:22:25+00:00,
SRC-000376,Functional Analysis - Kesavan.pdf,D:\Readings\Analysis\pde\Functional Analysis - Kesavan.pdf,Functional Analysis,9788195196135,Kesavan,03-analysis,functional-analysis,pending,,classifier=functional-analysis,2026-06-26T00:22:25+00:00,
SRC-000377,Gentzen_Sequent_Calculus_for_Possibilistic_Reasoni.pdf,D:\Readings\Analysis\pde\Gentzen_Sequent_Calculus_for_Possibilistic_Reasoni.pdf,Gentzen Sequent Calculus for Possibilistic Reasoni,,,03-analysis,calculus,pending,,classifier=calculus | flags=ambiguous_subject;manual_subject_review;missing_toc,2026-06-26T00:22:25+00:00,
SRC-000378,Grafakos_Classical_Fourier_Analysis (2).pdf,D:\Readings\Analysis\pde\Grafakos_Classical_Fourier_Analysis (2).pdf,Grafakos Classical Fourier Analysis (2),9781493911936,,00-foundations,mathematical-logic,pending,,classifier=logic-model-theory | flags=ambiguous_subject;manual_subject_review,2026-06-26T00:22:25+00:00,
SRC-000380,Information Modelling  A Pragmatic Approach  .pdf,D:\Readings\Analysis\pde\Information Modelling  A Pragmatic Approach  .pdf,Information Modelling A Pragmatic Approach,9783030988043,,00-foundations,mathematical-logic,pending,,classifier=logic-model-theory | flags=manual_subject_review,2026-06-26T00:22:25+00:00,
SRC-000381,intro_analysis.pdf,D:\Readings\Analysis\pde\intro_analysis.pdf,intro analysis,,,03-analysis,real-analysis,pending,,classifier=real-analysis,2026-06-26T00:22:25+00:00,
SRC-000382,Introduction to Differential Geometry Robbin.pdf,D:\Readings\Analysis\pde\Introduction to Differential Geometry Robbin.pdf,Introduction to Differential Geometry Robbin,,,04-topology-and-geometry,differential-geometry,pending,,classifier=differential-geometry,2026-06-26T00:22:25+00:00,
SRC-000383,Introduction to Partial Differential Equations - 3rd - Rao.pdf,D:\Readings\Analysis\pde\Introduction to Partial Differential Equations - 3rd - Rao.pdf,Introduction to Partial Differential Equations,9788120342224,Rao,05-differential-equations-and-dynamical-systems,partial-differential-equations,pending,,classifier=partial-differential-equations,2026-06-26T00:22:25+00:00,
SRC-000384,Introduction to Partial Differential Equations - Herman.pdf,D:\Readings\Analysis\pde\Introduction to Partial Differential Equations - Herman.pdf,Introduction to Partial Differential Equations,,Herman,05-differential-equations-and-dynamical-systems,partial-differential-equations,pending,,classifier=partial-differential-equations,2026-06-26T00:22:25+00:00,
SRC-000386,Introduction to Partial Differential Equations with Applications - Zachmanoglou.pdf,D:\Readings\Analysis\pde\Introduction to Partial Differential Equations with Applications - Zachmanoglou.pdf,Introduction to Partial Differential Equations with Applications,0486652513,Zachmanoglou,05-differential-equations-and-dynamical-systems,partial-differential-equations,pending,,classifier=partial-differential-equations | local_bib=volume-vi-algebra | flags=ambiguous_subject;manual_subject_review,2026-06-26T00:22:25+00:00,
SRC-000387,IntroIntervAn.pdf,D:\Readings\Analysis\pde\IntroIntervAn.pdf,IntroIntervAn,9780898716696,Siegfried M. Rump,03-analysis,calculus,pending,,classifier=calculus | flags=ambiguous_subject;manual_subject_review,2026-06-26T00:22:25+00:00,
SRC-000389,lecture_Gentzen.pdf,D:\Readings\Analysis\pde\lecture_Gentzen.pdf,lecture Gentzen,,Stepan Kuznetsov University,11-reference-and-miscellaneous,uncategorized,pending,,classifier=unknown | flags=manual_subject_review;missing_toc;unknown_subject,2026-06-26T00:22:25+00:00,
SRC-000390,logic a brief course - mundici.pdf,D:\Readings\Analysis\pde\logic a brief course - mundici.pdf,logic a brief course,9788847023604,mundici,00-foundations,mathematical-logic,pending,,classifier=logic-model-theory,2026-06-26T00:22:25+00:00,
SRC-000391,Maddux1991.pdf,D:\Readings\Analysis\pde\Maddux1991.pdf,The Origin of Relation Algebras in the Development and Axiomatization of the Calculus of Relations,,Augustus De Morgan,03-analysis,calculus,pending,,classifier=calculus | flags=manual_subject_review;missing_toc,2026-06-26T00:22:25+00:00,
SRC-000392,Math126_notes.pdf,D:\Readings\Analysis\pde\Math126_notes.pdf,Math126 notes,,,03-analysis,calculus,pending,,classifier=calculus | flags=ambiguous_subject;manual_subject_review,2026-06-26T00:22:25+00:00,
SRC-000393,"Morris W. Hirsch, Stephen Smale and Robert L. Devaney (Auth.) - Differential Equations, Dynamical Systems, and an Introduction to Chaos-Academic Press (2012).pdf","D:\Readings\Analysis\pde\Morris W. Hirsch, Stephen Smale and Robert L. Devaney (Auth.) - Differential Equations, Dynamical Systems, and an Introduction to Chaos-Academic Press (2012).pdf","Morris W. Hirsch, Stephen Smale and Robert L. Devaney (Auth.) - Differential Equations, Dynamical Systems, and an Introduction to Chaos-Academic Press ( )",9780123820105,4<8=8AB@0B>@,05-differential-equations-and-dynamical-systems,ordinary-differential-equations,pending,,classifier=ode-dynamical-systems | flags=missing_toc,2026-06-26T00:22:25+00:00,
SRC-000394,number-theory.pdf,D:\Readings\Analysis\pde\number-theory.pdf,number-theory,0521465184,J. Roger Hindley,00-foundations,mathematical-logic,pending,,classifier=logic-model-theory,2026-06-26T00:22:25+00:00,
SRC-000395,"Numerical Solution of Partial Differetial Equations 2nd ed - K. Morton, D. Mayers (Cambridge, 2005) WW.pdf","D:\Readings\Analysis\pde\Numerical Solution of Partial Differetial Equations 2nd ed - K. Morton, D. Mayers (Cambridge, 2005) WW.pdf","Numerical Solution of Partial Differetial Equations - K. Morton, D. Mayers (Cambridge, ) WW",9780521607933,K.W.Morton and D.F.Mayers,08-applied-and-computational-mathematics,numerical-analysis,pending,,classifier=numerical-analysis | flags=ambiguous_subject,2026-06-26T00:22:25+00:00,
SRC-000396,numerical_book.pdf,D:\Readings\Analysis\pde\numerical_book.pdf,numerical book,,,01-algebra,linear-algebra,pending,,classifier=linear-algebra,2026-06-26T00:22:25+00:00,
SRC-000397,On Tarskis Axiomatic Foundations of the Calculus of Relations.pdf,D:\Readings\Analysis\pde\On Tarskis Axiomatic Foundations of the Calculus of Relations.pdf,On Tarski's Axiomatic Foundations of the Calculus of Relations,,"Hajnal Andréka, Steven Givant, Peter Jipsen, and István Németi",03-analysis,calculus,pending,,classifier=calculus | flags=manual_subject_review;missing_toc,2026-06-26T00:22:25+00:00,
SRC-000398,padic.pdf,D:\Readings\Analysis\pde\padic.pdf,padic,,Andrew Sutherland Lemma,11-reference-and-miscellaneous,uncategorized,pending,,classifier=unknown | flags=manual_subject_review;missing_toc;unknown_subject,2026-06-26T00:22:25+00:00,
SRC-000399,Partial Differential Equationas - Ivrii.pdf,D:\Readings\Analysis\pde\Partial Differential Equationas - Ivrii.pdf,Partial Differential Equations,,Ivrii,05-differential-equations-and-dynamical-systems,partial-differential-equations,pending,,classifier=partial-differential-equations,2026-06-26T00:22:25+00:00,
SRC-000401,Partial Differential Equations An Introduction - Strauss.pdf,D:\Readings\Analysis\pde\Partial Differential Equations An Introduction - Strauss.pdf,Partial Differential Equations An Introduction,9780470054567,Strauss,05-differential-equations-and-dynamical-systems,ordinary-differential-equations,pending,,classifier=ode-dynamical-systems | local_bib=volume-vi-algebra | flags=ambiguous_subject;manual_subject_review,2026-06-26T00:22:25+00:00,
SRC-000403,partial-differential-equations-by-evans.pdf,D:\Readings\Analysis\pde\partial-differential-equations-by-evans.pdf,partial-differential-equations-by-evans,,ash,11-reference-and-miscellaneous,uncategorized,pending,,classifier=unknown | flags=manual_subject_review;missing_toc;needs_ocr;unknown_subject,2026-06-26T00:22:25+00:00,
SRC-000406,peano.pdf,D:\Readings\Analysis\pde\peano.pdf,peano,,,11-reference-and-miscellaneous,uncategorized,pending,,classifier=unknown | flags=manual_subject_review;missing_toc;unknown_subject,2026-06-26T00:22:25+00:00,
SRC-000407,REAL ANALYSIS   Theory of Measure and Integration - Yeh.pdf,D:\Readings\Analysis\pde\REAL ANALYSIS   Theory of Measure and Integration - Yeh.pdf,REAL ANALYSIS Theory of Measure and Integration,9789814578530,Yeh,03-analysis,real-analysis,pending,,classifier=real-analysis,2026-06-26T00:22:25+00:00,
SRC-000408,Real_Variables.pdf,D:\Readings\Analysis\pde\Real_Variables.pdf,Real Variables,,Bers,03-analysis,functional-analysis,pending,,classifier=functional-analysis,2026-06-26T00:22:25+00:00,
SRC-000409,sequent-calculus.pdf,D:\Readings\Analysis\pde\sequent-calculus.pdf,sequent-calculus,,OLP,03-analysis,calculus,pending,,classifier=calculus | flags=missing_toc,2026-06-26T00:22:25+00:00,
SRC-000410,Set Theory for Category Theory - Shulman.pdf,D:\Readings\Analysis\pde\Set Theory for Category Theory - Shulman.pdf,Set Theory for Category Theory,,Shulman,00-foundations,category-theory,pending,,classifier=category-theory | local_bib=volume-viii-applied-methods | flags=manual_subject_review;missing_toc,2026-06-26T00:22:25+00:00,
SRC-000411,Set-Theory-Chap4.pdf,D:\Readings\Analysis\pde\Set-Theory-Chap4.pdf,Set-Theory-Chap4,,Gary M Hardegree,00-foundations,set-theory,pending,,classifier=set-theory | flags=manual_subject_review;missing_toc,2026-06-26T00:22:25+00:00,
SRC-000412,Sets for Mathematics - Rosebrugh.pdf,D:\Readings\Analysis\pde\Sets for Mathematics - Rosebrugh.pdf,Sets for Mathematics,9780521804448,Rosebrugh,00-foundations,category-theory,pending,,classifier=category-theory,2026-06-26T00:22:25+00:00,
SRC-000413,spherical_trigonometry2.pdf,D:\Readings\Analysis\pde\spherical_trigonometry2.pdf,spherical trigonometry2,,Daniel Alexander Murray,04-topology-and-geometry,euclidean-and-classical-geometry,pending,,classifier=geometry | flags=missing_toc,2026-06-26T00:22:25+00:00,
SRC-000414,"Springer.Scheduling.Theory,.Algorithms,.and.Systems.(2008).[9780387789347].pdf","D:\Readings\Analysis\pde\Springer.Scheduling.Theory,.Algorithms,.and.Systems.(2008).[9780387789347].pdf","Springer.Scheduling.Theory,.Algorithms,.and.Systems.( ).[9780387789347]",9780387789347,Prentice Hall New York University,09-theoretical-computer-science,automata-and-formal-languages,pending,,classifier=theoretical-computer-science,2026-06-26T00:22:25+00:00,
SRC-000415,"Stochastic Methods for Modeling and Predicting Complex Dynamical Systems  Uncertainty Quantification, State Estimation, and Reduced-Order Models  - Chen.pdf","D:\Readings\Analysis\pde\Stochastic Methods for Modeling and Predicting Complex Dynamical Systems  Uncertainty Quantification, State Estimation, and Reduced-Order Models  - Chen.pdf","Stochastic Methods for Modeling and Predicting Complex Dynamical Systems Uncertainty Quantification, State Estimation, and Reduced-Order Models",9783031819230,Chen,05-differential-equations-and-dynamical-systems,ordinary-differential-equations,pending,,classifier=ode-dynamical-systems,2026-06-26T00:22:25+00:00,
SRC-000416,Tarski_1941.pdf,D:\Readings\Analysis\pde\Tarski_1941.pdf,Tarski,,,03-analysis,calculus,pending,,classifier=calculus | flags=ambiguous_subject;manual_subject_review;missing_toc,2026-06-26T00:22:25+00:00,
SRC-000417,towuti.pdf,D:\Readings\Analysis\pde\towuti.pdf,towuti,,,00-foundations,set-theory,pending,,classifier=set-theory | flags=ambiguous_subject;manual_subject_review;missing_toc,2026-06-26T00:22:25+00:00,
SRC-000418,univ-algebra.pdf,D:\Readings\Analysis\pde\univ-algebra.pdf,univ-algebra,,,00-foundations,mathematical-logic,pending,,classifier=logic-model-theory | flags=ambiguous_subject;manual_subject_review,2026-06-26T00:22:25+00:00,
SRC-000419,UV16.pdf,D:\Readings\Analysis\pde\UV16.pdf,Uv16,,Enric Cosme i Llópez,03-analysis,calculus,pending,,classifier=calculus | flags=ambiguous_subject;manual_subject_review;missing_toc,2026-06-26T00:22:25+00:00,
SRC-000420,"Weimin_Han,_Kendall_E._Atkinson_-_Theoretical_Numerical_Analysis_A_Functional_Analysis_Framework_(2009).pdf","D:\Readings\Analysis\pde\Weimin_Han,_Kendall_E._Atkinson_-_Theoretical_Numerical_Analysis_A_Functional_Analysis_Framework_(2009).pdf","Weimin Han, Kendall E. Atkinson - Theoretical Numerical Analysis A Functional Analysis Framework ( )",9781441904577,,03-analysis,calculus,pending,,classifier=calculus | flags=ambiguous_subject;manual_subject_review,2026-06-26T00:22:25+00:00,
SRC-000421,pdfcoffee.com_fima-c-klebaner-introduction-to-stochastic-calculus-with-app-pdf-free.pdf,D:\Readings\Analysis\pdfcoffee.com_fima-c-klebaner-introduction-to-stochastic-calculus-with-app-pdf-free.pdf,pdfcoffee.com fima-c-klebaner-introduction-to-stochastic-calculus-with-app-pdf-free,1860945554,Imperial College Press,03-analysis,calculus,pending,,classifier=calculus,2026-06-26T00:22:25+00:00,
SRC-000425,_measure_theoritic_probability_by_athreya__lahiri.pdf,D:\Readings\Analysis\Probability\_measure_theoritic_probability_by_athreya__lahiri.pdf,measure theoritic probability,9780387329031,athreya lahiri,06-probability-statistics-and-information,probability-theory,pending,,classifier=probability,2026-06-26T00:22:25+00:00,
SRC-000426,An Introduction to Stochastic Processes With Application to Biology - Allen.pdf,D:\Readings\Analysis\Probability\An Introduction to Stochastic Processes With Application to Biology - Allen.pdf,An Introduction to Stochastic Processes With Application to Biology,9781439818824,Allen,00-foundations,mathematical-logic,pending,,classifier=logic-model-theory | local_bib=volume-iii-bounds-sequences-and-series | flags=ambiguous_subject;manual_subject_review,2026-06-26T00:22:25+00:00,
SRC-000428,Essentials of Stochastic Processes - 3e - Durrett.pdf,D:\Readings\Analysis\Probability\Essentials of Stochastic Processes - 3e - Durrett.pdf,Essentials of Stochastic Processes - 3e,9783319456133,Durrett,06-probability-statistics-and-information,probability-theory,pending,,classifier=probability | local_bib=volume-iii-bounds-sequences-and-series,2026-06-26T00:22:25+00:00,
SRC-000430,Measure Theoretic Probability.pdf,D:\Readings\Analysis\Probability\Measure Theoretic Probability.pdf,Measure-Theoretic Probability,9783031498305,Kenneth Shum,06-probability-statistics-and-information,probability-theory,pending,,classifier=probability | local_bib=volume-iii-bounds-sequences-and-series,2026-06-26T00:22:25+00:00,
SRC-000431,Measure Theory Probability and Stochastic Processes - Le Gall.pdf,D:\Readings\Analysis\Probability\Measure Theory Probability and Stochastic Processes - Le Gall.pdf,"Measure Theory, Probability, and Stochastic Processes",9783031142048,Le Gall,03-analysis,measure-theory,pending,,classifier=measure-theory | local_bib=volume-iii-bounds-sequences-and-series | flags=ambiguous_subject;manual_subject_review,2026-06-26T00:22:25+00:00,
SRC-000433,Measure-Theoretic-Probability-With-Applications.pdf,D:\Readings\Analysis\Probability\Measure-Theoretic-Probability-With-Applications.pdf,Measure-Theoretic Probability,9783031498305,Kenneth Shum,06-probability-statistics-and-information,probability-theory,pending,,classifier=probability | local_bib=volume-iii-bounds-sequences-and-series,2026-06-26T00:22:25+00:00,
SRC-000434,Probability and Measure - Billingsley.pdf,D:\Readings\Analysis\Probability\Probability and Measure - Billingsley.pdf,Probability and Measure,0471007102,Billingsley,06-probability-statistics-and-information,probability-theory,pending,,classifier=probability | local_bib=volume-iii-bounds-sequences-and-series,2026-06-26T00:22:25+00:00,
SRC-000436,Probability Resources.pdf,D:\Readings\Analysis\Probability\Probability Resources.pdf,Probability Resources,,,06-probability-statistics-and-information,probability-theory,pending,,classifier=probability,2026-06-26T00:22:25+00:00,
SRC-000439,Shonkwiler - Explorations in Monte Carlo Methods.pdf,D:\Readings\Analysis\Probability\Shonkwiler - Explorations in Monte Carlo Methods.pdf,Shonkwiler,9780387878362,Explorations in Monte Carlo Methods,06-probability-statistics-and-information,probability-theory,pending,,classifier=probability,2026-06-26T00:22:25+00:00,
SRC-000440,Stochastic Calculus An Introduction With Applications - Lawler.pdf,D:\Readings\Analysis\Probability\Stochastic Calculus An Introduction With Applications - Lawler.pdf,Stochastic Calculus An Introduction With Applications,,Lawler,03-analysis,calculus,pending,,classifier=calculus | local_bib=volume-iii-bounds-sequences-and-series | flags=ambiguous_subject;manual_subject_review,2026-06-26T00:22:25+00:00,
SRC-000441,problems-in-mathematical-analysis-demidovich.pdf,D:\Readings\Analysis\problems-in-mathematical-analysis-demidovich.pdf,problems-in-mathematical-analysis-demidovich,,G. YANKOVSKV MIR PUBLISHERS Moscow,03-analysis,calculus,pending,,classifier=calculus | flags=ambiguous_subject;manual_subject_review,2026-06-26T00:22:25+00:00,
SRC-000442,proof-practice.pdf,D:\Readings\Analysis\proof-practice.pdf,proof-practice,,Michael Hutchings,03-analysis,calculus,pending,,classifier=calculus | flags=ambiguous_subject;manual_subject_review;missing_toc,2026-06-26T00:22:25+00:00,
SRC-000444,Real Analysis - Royden.pdf,D:\Readings\Analysis\Real Analysis - Royden.pdf,Real Analysis,,Royden,03-analysis,real-analysis,pending,,classifier=real-analysis | local_bib=volume-iii-bounds-sequences-and-series | flags=manual_subject_review;missing_toc;needs_ocr,2026-06-26T00:22:25+00:00,
SRC-000445,Real Analysis A Constructive Approach Through Interval Arithmetic - Bridger.pdf,D:\Readings\Analysis\Real Analysis A Constructive Approach Through Interval Arithmetic - Bridger.pdf,Real Analysis A Constructive Approach Through Interval Arithmetic,9781470451448,Bridger,03-analysis,real-analysis,pending,,classifier=real-analysis,2026-06-26T00:22:25+00:00,
SRC-000447,Real Analysis For The Graduate Student - Bass.pdf,D:\Readings\Analysis\Real Analysis For The Graduate Student - Bass.pdf,Real Analysis For The Graduate Student,9781502514455,Bass,03-analysis,measure-theory,pending,,classifier=measure-theory | local_bib=volume-iii-bounds-sequences-and-series,2026-06-26T00:22:25+00:00,
SRC-000449,Real Analysis for the Undergraduate-Pons.pdf,D:\Readings\Analysis\Real Analysis for the Undergraduate-Pons.pdf,Real Analysis for the Undergraduate-Pons,9781461496373,Robert F. Allen,03-analysis,real-analysis,pending,,classifier=real-analysis,2026-06-26T00:22:25+00:00,
SRC-000450,Real Analysis Foundations and Functions of One Variable - Laczkovich.pdf,D:\Readings\Analysis\Real Analysis Foundations and Functions of One Variable - Laczkovich.pdf,Real Analysis Foundations and Functions of One Variable,9781493927654,Laczkovich,03-analysis,real-analysis,pending,,classifier=real-analysis,2026-06-26T00:22:25+00:00,
SRC-000451,Real Analysis Structures - Faris.pdf,D:\Readings\Analysis\Real Analysis Structures - Faris.pdf,Real Analysis Structures,,Faris,00-foundations,mathematical-logic,pending,,classifier=logic-model-theory | flags=ambiguous_subject;manual_subject_review,2026-06-26T00:22:25+00:00,
SRC-000452,"Real Analysis, Measure Theory, Integration, And Hilbert Spaces - Shakarchi.pdf","D:\Readings\Analysis\Real Analysis, Measure Theory, Integration, And Hilbert Spaces - Shakarchi.pdf","Real Analysis, Measure Theory, Integration, And Hilbert Spaces",9780691113869,Shakarchi,03-analysis,functional-analysis,pending,,classifier=functional-analysis | local_bib=volume-iii-bounds-sequences-and-series,2026-06-26T00:22:25+00:00,
SRC-000453,Real Mathematical Analysis - Pugh.pdf,D:\Readings\Analysis\Real Mathematical Analysis - Pugh.pdf,Real Mathematical Analysis,9783319177700,Pugh,03-analysis,calculus,pending,,classifier=calculus | local_bib=volume-iii-bounds-sequences-and-series | flags=ambiguous_subject;manual_subject_review,2026-06-26T00:22:25+00:00,
SRC-000456,ShifrinDiffGeo.pdf,D:\Readings\Analysis\ShifrinDiffGeo.pdf,ShifrinDiffGeo,,,03-analysis,calculus,pending,,classifier=calculus,2026-06-26T00:22:25+00:00,
SRC-000457,smooth functions and maps.pdf,D:\Readings\Analysis\smooth functions and maps.pdf,smooth functions and maps,9783030794378,Natalia Tsilevich. Originally,03-analysis,calculus,pending,,classifier=calculus | local_bib=volume-v-complex-analysis | flags=ambiguous_subject;manual_subject_review,2026-06-26T00:22:25+00:00,
SRC-000461,2016_BrownianMotionMartingalesAndSt.pdf,D:\Readings\Analysis\stochastic\2016_BrownianMotionMartingalesAndSt.pdf,BrownianMotionMartingalesAndSt,9783319310886,Jean-,06-probability-statistics-and-information,probability-theory,pending,,classifier=probability | local_bib=volume-iii-bounds-sequences-and-series,2026-06-26T00:22:25+00:00,
SRC-000462,An Introduction to Stochastic Differential Equations v1.2 - Evans.pdf,D:\Readings\Analysis\stochastic\An Introduction to Stochastic Differential Equations v1.2 - Evans.pdf,An Introduction to Stochastic Differential Equations v1.2,,Evans,06-probability-statistics-and-information,stochastic-calculus,pending,,classifier=stochastic-calculus | flags=ambiguous_subject;manual_subject_review;missing_toc,2026-06-26T00:22:25+00:00,
SRC-000463,An Introductory Couse on Stochastic Calculus - Geng.pdf,D:\Readings\Analysis\stochastic\An Introductory Couse on Stochastic Calculus - Geng.pdf,An Introductory Couse on Stochastic Calculus,,Geng,06-probability-statistics-and-information,probability-theory,pending,,classifier=probability,2026-06-26T00:22:25+00:00,
SRC-000464,Brief Introduction to Stochastic Calculus.pdf,D:\Readings\Analysis\stochastic\Brief Introduction to Stochastic Calculus.pdf,Brief Introduction to Stochastic Calculus,,Martin Haugh,03-analysis,calculus,pending,,classifier=calculus | flags=ambiguous_subject;manual_subject_review;missing_toc,2026-06-26T00:22:25+00:00,
SRC-000465,Brownian Motion - Morters.pdf,D:\Readings\Analysis\stochastic\Brownian Motion - Morters.pdf,Brownian Motion,,Morters,06-probability-statistics-and-information,probability-theory,pending,,classifier=probability,2026-06-26T00:22:25+00:00,
SRC-000466,Introduction to Stochastic Calculus - Salez.pdf,D:\Readings\Analysis\stochastic\Introduction to Stochastic Calculus - Salez.pdf,Introduction to Stochastic Calculus,,Salez,06-probability-statistics-and-information,stochastic-calculus,pending,,classifier=stochastic-calculus,2026-06-26T00:22:25+00:00,
SRC-000467,Intuitive Introduction For Understanding and Solving Stochastic Differential Equations - Rackauckas.pdf,D:\Readings\Analysis\stochastic\Intuitive Introduction For Understanding and Solving Stochastic Differential Equations - Rackauckas.pdf,Intuitive Introduction For Understanding and Solving Stochastic Differential Equations,,Rackauckas,06-probability-statistics-and-information,probability-theory,pending,,classifier=probability,2026-06-26T00:22:25+00:00,
SRC-000468,Stochastic Analysis - Bourgrade.pdf,D:\Readings\Analysis\stochastic\Stochastic Analysis - Bourgrade.pdf,Stochastic Analysis,,Bourgrade,06-probability-statistics-and-information,probability-theory,pending,,classifier=probability,2026-06-26T00:22:25+00:00,
SRC-000470,Stochastic Calculus Filtering and Stochastic Control - van Handel.pdf,D:\Readings\Analysis\stochastic\Stochastic Calculus Filtering and Stochastic Control - van Handel.pdf,Stochastic Calculus Filtering and Stochastic Control,,van Handel,06-probability-statistics-and-information,probability-theory,pending,,classifier=probability,2026-06-26T00:22:25+00:00,
SRC-000471,Stochastic Differential Equations for Science and Engineering - Thygesen - PREPRINT.pdf,D:\Readings\Analysis\stochastic\Stochastic Differential Equations for Science and Engineering - Thygesen - PREPRINT.pdf,Stochastic Differential Equations for Science and Engineering - Thygesen,9781003277569,PREPRINT,06-probability-statistics-and-information,probability-theory,pending,,classifier=probability,2026-06-26T00:22:25+00:00,
SRC-000472,StochasticAnalysisManifolds.pdf,D:\Readings\Analysis\StochasticAnalysisManifolds.pdf,StochasticAnalysisManifolds,,,04-topology-and-geometry,differential-geometry,pending,,classifier=differential-geometry,2026-06-26T00:22:25+00:00,
SRC-000473,SupplementMIRA.pdf,D:\Readings\Analysis\SupplementMIRA.pdf,"Measure, Integration & Real Analysis",,Sheldon Axler,03-analysis,real-analysis,pending,,classifier=real-analysis | local_bib=volume-iii-bounds-sequences-and-series | flags=manual_subject_review;missing_toc,2026-06-26T00:22:25+00:00,
SRC-000474,Symmetry A Methematical Exploration - Tapp.pdf,D:\Readings\Analysis\Symmetry A Methematical Exploration - Tapp.pdf,Symmetry A Methematical Exploration,9783030516680,Tapp,01-algebra,abstract-algebra,pending,,classifier=abstract-algebra | flags=manual_subject_review,2026-06-26T00:22:25+00:00,
SRC-000475,tag_reference.pdf,D:\Readings\Analysis\tag_reference.pdf,tag reference,,,09-theoretical-computer-science,automata-and-formal-languages,pending,,classifier=theoretical-computer-science | flags=manual_subject_review;missing_toc,2026-06-26T00:22:25+00:00,
SRC-000476,Temporal Logics - Goranko.pdf,D:\Readings\Analysis\Temporal Logics - Goranko.pdf,Temporal Logics,9781009170093,Goranko,00-foundations,mathematical-logic,pending,,classifier=logic-model-theory,2026-06-26T00:22:25+00:00,
SRC-000477,Tensor Calculus and Differential Geometry For Engineers.pdf,D:\Readings\Analysis\Tensor Calculus and Differential Geometry For Engineers.pdf,Tensor Calculus and Differential Geometry For Engineers,9783031339523,Gregorio Ricci-Curbastro,03-analysis,calculus,pending,,classifier=calculus | local_bib=volume-v-complex-analysis,2026-06-26T00:22:25+00:00,
SRC-000478,The Calculus of Functions of Several Variables - Sloughter.pdf,D:\Readings\Analysis\The Calculus of Functions of Several Variables - Sloughter.pdf,The Calculus of Functions of Several Variables,,Sloughter,03-analysis,calculus,pending,,classifier=calculus,2026-06-26T00:22:25+00:00,
SRC-000479,The number systems Foundations of algebra and analysis - Feferman.pdf,D:\Readings\Analysis\The number systems Foundations of algebra and analysis - Feferman.pdf,The number systems Foundations of algebra and analysis,,Feferman,03-analysis,calculus,pending,,classifier=calculus | local_bib=volume-ii-discrete-number-systems | flags=ambiguous_subject;manual_subject_review,2026-06-26T00:22:25+00:00,
SRC-000480,The NURBS Book - Piegl.pdf,D:\Readings\Analysis\The NURBS Book - Piegl.pdf,The NURBS Book,9783540615453,Piegl,04-topology-and-geometry,euclidean-and-classical-geometry,pending,,classifier=geometry | local_bib=volume-vi-algebra,2026-06-26T00:22:25+00:00,
SRC-000481,The Principles of Arithmetic Presented by a New Method - Peano.pdf,D:\Readings\Analysis\The Principles of Arithmetic Presented by a New Method - Peano.pdf,The Principles of Arithmetic Presented,,a New Method,00-foundations,mathematical-logic,pending,,classifier=logic-model-theory | flags=manual_subject_review;missing_toc,2026-06-26T00:22:25+00:00,
SRC-000483,The real numbers and completeness.pdf,D:\Readings\Analysis\The real numbers and completeness.pdf,The real numbers and completeness,,Gabriel Stolzenberg,00-foundations,mathematical-logic,pending,,classifier=logic-model-theory | flags=manual_subject_review;missing_toc,2026-06-26T00:22:25+00:00,
SRC-000485,Transcendental Number - M. Ram Murty.pdf,D:\Readings\Analysis\Transcendental Number - M. Ram Murty.pdf,Transcendental Number,9781493908318,M. Ram Murty,03-analysis,calculus,pending,,classifier=calculus | local_bib=volume-v-complex-analysis,2026-06-26T00:22:25+00:00,
SRC-000486,Trigonometry - Gelfand.pdf,D:\Readings\Analysis\Trigonometry - Gelfand.pdf,Trigonometry,,Gelfand,11-reference-and-miscellaneous,uncategorized,pending,,classifier=unknown | flags=manual_subject_review;missing_toc;needs_ocr;unknown_subject,2026-06-26T00:22:25+00:00,
SRC-000487,understanding-pure-mathematics-by-a-j-sadler-and-d-w-s-thorning.pdf,D:\Readings\Analysis\understanding-pure-mathematics-by-a-j-sadler-and-d-w-s-thorning.pdf,understanding-pure-mathematics-by-a-j-sadler-and-d-w-s-thorning,,,11-reference-and-miscellaneous,uncategorized,pending,,classifier=unknown | flags=manual_subject_review;missing_toc;needs_ocr;unknown_subject,2026-06-26T00:22:25+00:00,
SRC-000488,UnderstandingAnalysis-Abbott.pdf,D:\Readings\Analysis\UnderstandingAnalysis-Abbott.pdf,UnderstandingAnalysis-Abbott,9781493927111,Stephen Abbott,03-analysis,real-analysis,pending,,classifier=real-analysis | local_bib=volume-iii-bounds-sequences-and-series | flags=ambiguous_subject;manual_subject_review,2026-06-26T00:22:25+00:00,
SRC-000489,Universal Algebraic Logic - Andreka.pdf,D:\Readings\Analysis\Universal Algebraic Logic - Andreka.pdf,Universal Algebraic Logic,,Andreka,00-foundations,mathematical-logic,pending,,classifier=logic-model-theory,2026-06-26T00:22:25+00:00,
SRC-000491,Unknown_2002_Introduction_to_Interval_Analysis_-_Caprani.pdf,D:\Readings\Analysis\Unknown_2002_Introduction_to_Interval_Analysis_-_Caprani.pdf,Unknown Introduction to Interval Analysis,,Caprani,04-topology-and-geometry,differential-geometry,pending,,classifier=differential-geometry | flags=ambiguous_subject;manual_subject_review,2026-06-26T00:22:25+00:00,
SRC-000492,Vectors and Functions of Several Variables - Davvaz.pdf,D:\Readings\Analysis\Vectors and Functions of Several Variables - Davvaz.pdf,Vectors and Functions of Several Variables,9789819929344,Davvaz,03-analysis,calculus,pending,,classifier=calculus,2026-06-26T00:22:25+00:00,
SRC-000493,Zorich_2012_Mathematical_Analysis_Volume_1_-_Zorich.pdf,D:\Readings\Analysis\Zorich_2012_Mathematical_Analysis_Volume_1_-_Zorich.pdf,Zorich Mathematical Analysis Volume 1,9783662487907,Zorich,04-topology-and-geometry,differential-geometry,pending,,classifier=differential-geometry | local_bib=volume-iii-bounds-sequences-and-series,2026-06-26T00:22:25+00:00,
SRC-000494,Boyer-AHistoryOfMathematics.pdf,D:\Readings\Boyer-AHistoryOfMathematics.pdf,Boyer-AHistoryOfMathematics,,,11-reference-and-miscellaneous,uncategorized,pending,,classifier=unknown | flags=manual_subject_review;missing_toc;needs_ocr;unknown_subject,2026-06-26T00:22:25+00:00,
SRC-000528,Introduction to Partial Differential Equations - Moore.pdf,D:\Readings\differential-equations\Introduction to Partial Differential Equations - Moore.pdf,Introduction to Partial Differential Equations,,Moore,01-algebra,linear-algebra,pending,,classifier=linear-algebra,2026-06-26T00:22:25+00:00,
SRC-000529,Ordinary Differential Equations - 3e - Arnold.pdf,D:\Readings\differential-equations\Ordinary Differential Equations - 3e - Arnold.pdf,Ordinary Differential Equations - 3e,,Arnold,05-differential-equations-and-dynamical-systems,ordinary-differential-equations,pending,,classifier=ode-dynamical-systems | flags=missing_toc,2026-06-26T00:22:25+00:00,
SRC-000530,Partial Differential Equations in Mechanics I - Selvadurai.pdf,D:\Readings\differential-equations\Partial Differential Equations in Mechanics I - Selvadurai.pdf,Partial Differential Equations in Mechanics I,9783642086663,Selvadurai,05-differential-equations-and-dynamical-systems,partial-differential-equations,pending,,classifier=partial-differential-equations,2026-06-26T00:22:25+00:00,
SRC-000531,Discrete Mathematics.pdf,D:\Readings\Discrete Mathematics.pdf,Discrete Mathematics,9783031304873,George Tourlakis,01-algebra,abstract-algebra,pending,,classifier=abstract-algebra | local_bib=volume-v-complex-analysis | flags=ambiguous_subject;manual_subject_review,2026-06-26T00:22:25+00:00,
SRC-000534,0908.4437v1.pdf,D:\Readings\geometry\0908.4437v1.pdf,0908.4437v1,,,04-topology-and-geometry,differential-geometry,pending,,classifier=differential-geometry | flags=manual_subject_review;missing_toc,2026-06-26T00:22:25+00:00,
SRC-000535,__userdata_documents4_ctb44_Desktop_amer.math.monthly.121.05.391-short.pdf,D:\Readings\geometry\__userdata_documents4_ctb44_Desktop_amer.math.monthly.121.05.391-short.pdf,userdata documents4 ctb44 Desktop amer.math.monthly.121.05.391-short,9781461211464,Bianchi,01-algebra,linear-algebra,pending,,classifier=linear-algebra | flags=ambiguous_subject;manual_subject_review;missing_toc,2026-06-26T00:22:25+00:00,
SRC-000536,A Course on Convex Geometry - Weil.pdf,D:\Readings\geometry\A Course on Convex Geometry - Weil.pdf,A Course on Convex Geometry,,Weil,03-analysis,calculus,pending,,classifier=calculus | flags=ambiguous_subject;manual_subject_review,2026-06-26T00:22:25+00:00,
SRC-000537,A Survey of Geometry - Eves.pdf,D:\Readings\geometry\A Survey of Geometry - Eves.pdf,A Survey of Geometry,,Eves,11-reference-and-miscellaneous,uncategorized,pending,,classifier=unknown | local_bib=volume-v-complex-analysis | flags=manual_subject_review;missing_toc;needs_ocr;unknown_subject,2026-06-26T00:22:25+00:00,
SRC-000538,An Elementary Introduction to Modern Convex Geometry - Ball.pdf,D:\Readings\geometry\An Elementary Introduction to Modern Convex Geometry - Ball.pdf,An Elementary Introduction to Modern Convex Geometry,,Ball,03-analysis,functional-analysis,pending,,classifier=functional-analysis,2026-06-26T00:22:25+00:00,
SRC-000540,convex_geom.pdf,D:\Readings\geometry\convex_geom.pdf,convex geom,,,04-topology-and-geometry,differential-geometry,pending,,classifier=differential-geometry,2026-06-26T00:22:25+00:00,
SRC-000541,Euclidean and Non-Euclidean Geometries - Greenberg.pdf,D:\Readings\geometry\Euclidean and Non-Euclidean Geometries - Greenberg.pdf,Euclidean and Non-Euclidean Geometries,0716724464,Greenberg,04-topology-and-geometry,euclidean-and-classical-geometry,pending,,classifier=geometry | flags=ambiguous_subject;manual_subject_review,2026-06-26T00:22:25+00:00,
SRC-000542,FRGtext.pdf,D:\Readings\geometry\FRGtext.pdf,FRGtext,,Pascal,01-algebra,linear-algebra,pending,,classifier=linear-algebra | flags=ambiguous_subject;manual_subject_review;missing_toc,2026-06-26T00:22:25+00:00,
SRC-000543,Geometry and Topology - Reid.pdf,D:\Readings\geometry\Geometry and Topology - Reid.pdf,Geometry and Topology,9780511137334,Reid,04-topology-and-geometry,point-set-topology,pending,,classifier=topology | local_bib=volume-v-complex-analysis | flags=ambiguous_subject;manual_subject_review,2026-06-26T00:22:25+00:00,
SRC-000544,Geometry.pdf,D:\Readings\geometry\Geometry.pdf,Geometry,,Meighan I. Dillon,04-topology-and-geometry,euclidean-and-classical-geometry,pending,,classifier=geometry | local_bib=volume-v-complex-analysis | flags=manual_subject_review;missing_toc,2026-06-26T00:22:25+00:00,
SRC-000545,Introduction to Abstract Algebra - Ford.pdf,D:\Readings\geometry\Introduction to Abstract Algebra - Ford.pdf,Introduction to Abstract Algebra,,Ford,01-algebra,abstract-algebra,pending,,classifier=abstract-algebra | local_bib=volume-iv-mathematical-spaces,2026-06-26T00:22:25+00:00,
SRC-000546,Introduction to Abstract Algebra - Math 113 - Berkley.pdf,D:\Readings\geometry\Introduction to Abstract Algebra - Math 113 - Berkley.pdf,Introduction to Abstract Algebra - Math 113,,Berkley,01-algebra,abstract-algebra,pending,,classifier=abstract-algebra,2026-06-26T00:22:25+00:00,
SRC-000547,irwin.pdf,D:\Readings\geometry\irwin.pdf,irwin,,Academic Press,03-analysis,calculus,pending,,classifier=calculus | flags=manual_subject_review;missing_toc,2026-06-26T00:22:25+00:00,
SRC-000549,mia-03-19.pdf,D:\Readings\geometry\mia-03-19.pdf,mia-03-19,,Constantin P. Niculescu,03-analysis,calculus,pending,,classifier=calculus | flags=manual_subject_review;missing_toc,2026-06-26T00:22:25+00:00,
SRC-000550,Nonparametric Curve Estimation - Methods Theory and Applications - Efromovich.pdf,D:\Readings\geometry\Nonparametric Curve Estimation - Methods Theory and Applications - Efromovich.pdf,Nonparametric Curve Estimation - Methods Theory and Applications,0387987401,Efromovich,06-probability-statistics-and-information,probability-theory,pending,,classifier=probability | flags=ambiguous_subject;manual_subject_review,2026-06-26T00:22:25+00:00,
SRC-000551,nurbs3chap.pdf,D:\Readings\geometry\nurbs3chap.pdf,nurbs3chap,9783540615453,Les Piegl,04-topology-and-geometry,euclidean-and-classical-geometry,pending,,classifier=geometry | local_bib=volume-vi-algebra,2026-06-26T00:22:25+00:00,
SRC-000552,ORF523_S16_Lec7_gh.pdf,D:\Readings\geometry\ORF523_S16_Lec7_gh.pdf,ORF523 S16 Lec7 gh,,,11-reference-and-miscellaneous,uncategorized,pending,,classifier=unknown | flags=manual_subject_review;missing_toc;unknown_subject,2026-06-26T00:22:25+00:00,
SRC-000553,The Foundations of Geometry - Hilbert.pdf,D:\Readings\geometry\The Foundations of Geometry - Hilbert.pdf,The Foundations of Geometry,,Hilbert,03-analysis,real-analysis,pending,,classifier=real-analysis | local_bib=volume-v-complex-analysis,2026-06-26T00:22:25+00:00,
SRC-000557,VanPoortenIntroCF.pdf,D:\Readings\geometry\VanPoortenIntroCF.pdf,VanPoortenIntroCF,,,04-topology-and-geometry,point-set-topology,pending,,classifier=topology | flags=ambiguous_subject;manual_subject_review;missing_toc,2026-06-26T00:22:25+00:00,
SRC-000558,Introduction to Coding Theory - Couvreur.pdf,D:\Readings\Introduction to Coding Theory - Couvreur.pdf,Introduction to Coding Theory,3037190019,Couvreur,04-topology-and-geometry,point-set-topology,pending,,classifier=topology | flags=manual_subject_review;missing_toc,2026-06-26T00:22:25+00:00,
SRC-000559,Chapter1.pdf,D:\Readings\lattice-theory\Chapter1.pdf,Chapter1,,,11-reference-and-miscellaneous,uncategorized,pending,,classifier=unknown | flags=manual_subject_review;missing_toc;unknown_subject,2026-06-26T00:22:25+00:00,
SRC-000560,Elements of Set Theory - Enderton.pdf,D:\Readings\lattice-theory\Elements of Set Theory - Enderton.pdf,Elements of Set Theory,0122384407,Enderton,00-foundations,set-theory,pending,,classifier=set-theory | local_bib=volume-viii-applied-methods,2026-06-26T00:22:25+00:00,
SRC-000562,Introduction to LAttices and Order - Davey.pdf,D:\Readings\lattice-theory\Introduction to LAttices and Order - Davey.pdf,Introduction to LAttices and Order,9780521365840,Davey,11-reference-and-miscellaneous,uncategorized,pending,,classifier=unknown | local_bib=volume-viii-applied-methods | flags=manual_subject_review;missing_toc;needs_ocr;unknown_subject,2026-06-26T00:22:25+00:00,
SRC-000563,Introduction to Lattices and Order - Voutsadakis.pdf,D:\Readings\lattice-theory\Introduction to Lattices and Order - Voutsadakis.pdf,Introduction to Lattices and Order,,Voutsadakis,00-foundations,mathematical-logic,pending,,classifier=logic-model-theory | flags=ambiguous_subject;manual_subject_review;missing_toc,2026-06-26T00:22:25+00:00,
SRC-000564,Lattice Theory Lecture 1 - Harding.pdf,D:\Readings\lattice-theory\Lattice Theory Lecture 1 - Harding.pdf,Lattice Theory Lecture 1,,Harding,00-foundations,mathematical-logic,pending,,classifier=logic-model-theory | flags=ambiguous_subject;manual_subject_review;missing_toc,2026-06-26T00:22:25+00:00,
SRC-000565,Notes on Lattice Theory - Nation.pdf,D:\Readings\lattice-theory\Notes on Lattice Theory - Nation.pdf,Notes on Lattice Theory,,Nation,01-algebra,abstract-algebra,pending,,classifier=abstract-algebra | flags=ambiguous_subject;manual_subject_review;missing_toc,2026-06-26T00:22:25+00:00,
SRC-000567,Advanced Linear Algebra With Applications - Ashraf.pdf,D:\Readings\linear-algebra\Advanced Linear Algebra With Applications - Ashraf.pdf,Advanced Linear Algebra With Applications,9789811621666,Ashraf,01-algebra,linear-algebra,pending,,classifier=linear-algebra | local_bib=volume-iv-mathematical-spaces,2026-06-26T00:22:25+00:00,
SRC-000568,Introduction to Linear Algebra - 5th - strang.pdf,D:\Readings\linear-algebra\Introduction to Linear Algebra - 5th - strang.pdf,Introduction to Linear Algebra - 5th,9780961408800,strang,01-algebra,linear-algebra,pending,,classifier=linear-algebra | local_bib=volume-iv-mathematical-spaces,2026-06-26T00:22:25+00:00,
SRC-000572,Linear Algebra - Hefferon.pdf,D:\Readings\linear-algebra\Linear Algebra - Hefferon.pdf,Linear Algebra,9781944325114,Hefferon,01-algebra,linear-algebra,pending,,classifier=linear-algebra | local_bib=volume-iv-mathematical-spaces,2026-06-26T00:22:25+00:00,
SRC-000573,Linear Algebra and Its Applications - Strang.pdf,D:\Readings\linear-algebra\Linear Algebra and Its Applications - Strang.pdf,Linear Algebra and Its Applications,0495013250,Strang,01-algebra,linear-algebra,pending,,classifier=linear-algebra,2026-06-26T00:22:25+00:00,
SRC-000574,Linear Algebra Done Right e4 - Axler.pdf,D:\Readings\linear-algebra\Linear Algebra Done Right e4 - Axler.pdf,Linear Algebra Done Right,9783031410253,Axler,01-algebra,linear-algebra,pending,,classifier=linear-algebra | local_bib=volume-iv-mathematical-spaces,2026-06-26T00:22:25+00:00,
SRC-000576,Matrix Algebra theory computations and applications in statistics.pdf,D:\Readings\linear-algebra\Matrix Algebra theory computations and applications in statistics.pdf,Matrix Algebra theory computations and applications in statistics,9780387708720,James E. Gentle,01-algebra,linear-algebra,pending,,classifier=linear-algebra | local_bib=volume-iv-mathematical-spaces,2026-06-26T00:22:25+00:00,
SRC-000577,A Beginner's Guide to Mathematical Logic - Smullyan.pdf,D:\Readings\logic\A Beginner's Guide to Mathematical Logic - Smullyan.pdf,A Beginner’s Guide to Mathematical Logic,9780486782973,Smullyan,00-foundations,mathematical-logic,pending,,classifier=logic-model-theory,2026-06-26T00:22:25+00:00,
SRC-000580,A Course in Logic for Mathematicians - Manin.pdf,D:\Readings\logic\A Course in Logic for Mathematicians - Manin.pdf,A Course in Logic for Mathematicians,9781441906144,Manin,00-foundations,mathematical-logic,pending,,classifier=logic-model-theory,2026-06-26T00:22:25+00:00,
SRC-000582,A Mathematical Introduction to Logic - Enderton.pdf,D:\Readings\logic\A Mathematical Introduction to Logic - Enderton.pdf,A Mathematical Introduction to Logic,0122384520,Enderton,00-foundations,mathematical-logic,pending,,classifier=logic-model-theory | local_bib=volume-viii-applied-methods,2026-06-26T00:22:25+00:00,
SRC-000584,A Shorter Model Theory - Hodges.pdf,D:\Readings\logic\A Shorter Model Theory - Hodges.pdf,A Shorter Model Theory,,Hodges,00-foundations,mathematical-logic,pending,,classifier=logic-model-theory | local_bib=volume-viii-applied-methods | flags=manual_subject_review;missing_toc;needs_ocr,2026-06-26T00:22:25+00:00,
SRC-000585,Basic Model Theory - Doets.pdf,D:\Readings\logic\Basic Model Theory - Doets.pdf,Basic Model Theory,1575860481,Doets,00-foundations,mathematical-logic,pending,,classifier=logic-model-theory | local_bib=volume-viii-applied-methods,2026-06-26T00:22:25+00:00,
SRC-000586,Casella_Berger_Statistical_Inference.pdf,D:\Readings\logic\Casella_Berger_Statistical_Inference.pdf,Casella Berger Statistical Inference,,"George Casella, Roger L. Berger",11-reference-and-miscellaneous,uncategorized,pending,,classifier=unknown | flags=manual_subject_review;missing_toc;needs_ocr;unknown_subject,2026-06-26T00:22:25+00:00,
SRC-000587,Category Theory for the Working Mathematician - Mac Lane.pdf,D:\Readings\logic\Category Theory for the Working Mathematician - Mac Lane.pdf,Category Theory for the Working Mathematician,9781441931238,Mac Lane,00-foundations,category-theory,pending,,classifier=category-theory | local_bib=volume-iv-mathematical-spaces,2026-06-26T00:22:25+00:00,
SRC-000588,Classical Set Theory - Theory of Sets and Classes - Banakh.pdf,D:\Readings\logic\Classical Set Theory - Theory of Sets and Classes - Banakh.pdf,Classical Set Theory: Theory of Sets and Classes,,Banakh,00-foundations,category-theory,pending,,classifier=category-theory | local_bib=volume-viii-applied-methods | flags=ambiguous_subject;manual_subject_review,2026-06-26T00:22:25+00:00,
SRC-000590,First e2 - Fitting.pdf,D:\Readings\logic\First e2 - Fitting.pdf,First,9783031407130,Fitting,00-foundations,mathematical-logic,pending,,classifier=logic-model-theory,2026-06-26T00:22:25+00:00,
SRC-000592,homotopy type theory-ebook-78-g0bb33d2.pdf,D:\Readings\logic\homotopy type theory-ebook-78-g0bb33d2.pdf,Homotopy Type Theory: Univalent Foundations of Mathematics,,Univalent Foundations Program,00-foundations,set-theory,pending,,classifier=set-theory | flags=ambiguous_subject,2026-06-26T00:22:25+00:00,
SRC-000593,Infinity Category Theory - Riehl.pdf,D:\Readings\logic\Infinity Category Theory - Riehl.pdf,Infinity Category Theory,,Riehl,00-foundations,category-theory,pending,,classifier=category-theory,2026-06-26T00:22:25+00:00,
SRC-000595,INTRODUCTION TO FIRST ORDER LOGIC AND MODEL Theory - Lai.pdf,D:\Readings\logic\INTRODUCTION TO FIRST ORDER LOGIC AND MODEL Theory - Lai.pdf,INTRODUCTION TO FIRST ORDER LOGIC AND MODEL Theory,,Lai,00-foundations,mathematical-logic,pending,,classifier=logic-model-theory,2026-06-26T00:22:25+00:00,
SRC-000596,Introduction to Mathematical Logic - 6th - Mendelson.pdf,D:\Readings\logic\Introduction to Mathematical Logic - 6th - Mendelson.pdf,"Introduction to Mathematical Logic, Sixth Edition",9781482237788,Mendelson,00-foundations,mathematical-logic,pending,,classifier=logic-model-theory,2026-06-26T00:22:25+00:00,
SRC-000597,Introduction to Model Theory - Tressl.pdf,D:\Readings\logic\Introduction to Model Theory - Tressl.pdf,Introduction to Model Theory,,Tressl,00-foundations,mathematical-logic,pending,,classifier=logic-model-theory | local_bib=volume-viii-applied-methods,2026-06-26T00:22:25+00:00,
SRC-000598,Kenneth Rosen - Discrete Mathematics and Its Applications - 8th edition.pdf,D:\Readings\logic\Kenneth Rosen - Discrete Mathematics and Its Applications - 8th edition.pdf,"Discrete Mathematics and Its Applications, Eighth Edition",9781259676512,Kenneth H. Rosen,00-foundations,mathematical-logic,pending,,classifier=logic-model-theory,2026-06-26T00:22:25+00:00,
SRC-000599,Lambda Calculi With Types - Barendregt.pdf,D:\Readings\logic\Lambda Calculi With Types - Barendregt.pdf,Lambda Calculi With Types,,Barendregt,11-reference-and-miscellaneous,uncategorized,pending,,classifier=unknown | flags=manual_subject_review;missing_toc;unknown_subject,2026-06-26T00:22:25+00:00,
SRC-000600,Lambda Calculus With Types.pdf,D:\Readings\logic\Lambda Calculus With Types.pdf,Lambda Calculus With Types,9780521766142,,00-foundations,mathematical-logic,pending,,classifier=logic-model-theory,2026-06-26T00:22:25+00:00,
SRC-000603,Model Theory - Hieronymi.pdf,D:\Readings\logic\Model Theory - Hieronymi.pdf,Model Theory,,Hieronymi,00-foundations,mathematical-logic,pending,,classifier=logic-model-theory | local_bib=volume-viii-applied-methods,2026-06-26T00:22:25+00:00,
SRC-000604,Model Theory - Marker.pdf,D:\Readings\logic\Model Theory - Marker.pdf,Model Theory,0387987606,Marker,00-foundations,mathematical-logic,pending,,classifier=logic-model-theory,2026-06-26T00:22:25+00:00,
SRC-000607,Notes on Type Theory - Bauer.pdf,D:\Readings\logic\Notes on Type Theory - Bauer.pdf,Notes on Type Theory,,Bauer,00-foundations,mathematical-logic,pending,,classifier=logic-model-theory,2026-06-26T00:22:25+00:00,
SRC-000608,Numbers sets and axioms - Hamilton.pdf.pdf,D:\Readings\logic\Numbers sets and axioms - Hamilton.pdf.pdf,Numbers sets and axioms,0521245095,Hamilton.pdf,00-foundations,mathematical-logic,pending,,classifier=logic-model-theory | flags=ambiguous_subject;manual_subject_review;missing_toc,2026-06-26T00:22:25+00:00,
SRC-000610,Pogramming in Martin-Lofs Type Theory - Nordstrom.pdf,D:\Readings\logic\Pogramming in Martin-Lofs Type Theory - Nordstrom.pdf,Pogramming in Martin-Lofs Type Theory,,Nordstrom,00-foundations,mathematical-logic,pending,,classifier=logic-model-theory | flags=ambiguous_subject;manual_subject_review,2026-06-26T00:22:25+00:00,
SRC-000611,Proofs And Types - Girard.pdf,D:\Readings\logic\Proofs And Types - Girard.pdf,Proofs And Types,0521371813,Girard,00-foundations,mathematical-logic,pending,,classifier=logic-model-theory | local_bib=volume-viii-applied-methods | flags=ambiguous_subject,2026-06-26T00:22:25+00:00,
SRC-000612,Proofs from THE BOOK e4 - Aigner.pdf,D:\Readings\logic\Proofs from THE BOOK e4 - Aigner.pdf,Proofs from THE BOOK,9783642008559,Aigner,07-discrete-mathematics-and-combinatorics,combinatorics,pending,,classifier=combinatorics-graph-theory,2026-06-26T00:22:25+00:00,
SRC-000614,set theory - quine.pdf,D:\Readings\logic\set theory - quine.pdf,set theory,0674802071,quine,00-foundations,set-theory,pending,,classifier=set-theory,2026-06-26T00:22:25+00:00,
SRC-000619,The algebra of logic - 1868-1914.pdf,D:\Readings\logic\The algebra of logic - 1868-1914.pdf,The algebra of logic,,"Couturat, Louis, 1868-1914",00-foundations,mathematical-logic,pending,,classifier=logic-model-theory | local_bib=volume-viii-applied-methods,2026-06-26T00:22:25+00:00,
SRC-000621,The Art of Proof.pdf,D:\Readings\logic\The Art of Proof.pdf,The Art of Proof,,,09-theoretical-computer-science,automata-and-formal-languages,pending,,classifier=theoretical-computer-science | flags=ambiguous_subject;manual_subject_review,2026-06-26T00:22:25+00:00,
SRC-000622,The Lambda Calculus Its Syntax Semantics - Barendregt.pdf,D:\Readings\logic\The Lambda Calculus Its Syntax Semantics - Barendregt.pdf,The Lambda Calculus Its Syntax Semantics,,Barendregt,03-analysis,calculus,pending,,classifier=calculus | flags=manual_subject_review;missing_toc;needs_ocr,2026-06-26T00:22:25+00:00,
SRC-000625,Mathematical Surprises - Ben-Ari.pdf,D:\Readings\Mathematical Surprises - Ben-Ari.pdf,Mathematical Surprises,9783031135651,Ben-Ari,07-discrete-mathematics-and-combinatorics,combinatorics,pending,,classifier=combinatorics-graph-theory,2026-06-26T00:22:25+00:00,
SRC-000626,dudley-elementarynumbertheory_text.pdf,D:\Readings\number theory\dudley-elementarynumbertheory_text.pdf,Elementary Number Theory,,Underwood Dudley,01-algebra,linear-algebra,pending,,classifier=linear-algebra | local_bib=volume-v-complex-analysis | flags=ambiguous_subject;manual_subject_review,2026-06-26T00:22:25+00:00,
SRC-000627,Number Theory - Coppel.pdf,D:\Readings\number theory\Number Theory - Coppel.pdf,Number Theory,9780387894850,Coppel,01-algebra,abstract-algebra,pending,,classifier=abstract-algebra,2026-06-26T00:22:25+00:00,
SRC-000628,Introduction to Mechanics - Kleppner.pdf,D:\Readings\Physics\Introduction to Mechanics - Kleppner.pdf,Introduction to Mechanics,,Kleppner,03-analysis,calculus,pending,,classifier=calculus,2026-06-26T00:22:25+00:00,
SRC-000630,Lagrangian and Hamiltonian Mechanics.pdf,D:\Readings\Physics\Lagrangian and Hamiltonian Mechanics.pdf,Lagrangian and Hamiltonian Mechanics,9783031552014,,03-analysis,calculus,pending,,classifier=calculus,2026-06-26T00:22:25+00:00,
SRC-000631,"Richard_Feynman-Feynman_Lectures_on_Physics,_Vol._1_Exercises-1964._Volume_1-Addison-Wesley(1964).pdf","D:\Readings\Physics\Richard_Feynman-Feynman_Lectures_on_Physics,_Vol._1_Exercises-1964._Volume_1-Addison-Wesley(1964).pdf","Richard Feynman-Feynman Lectures on Physics, Vol. 1 Exercises- . Volume 1-Addison-Wesley(1964)",,,11-reference-and-miscellaneous,uncategorized,pending,,classifier=unknown | flags=manual_subject_review;missing_toc;needs_ocr;unknown_subject,2026-06-26T00:22:25+00:00,
SRC-000632,Princeton Companion To Mathematics.pdf,D:\Readings\Princeton Companion To Mathematics.pdf,Princeton Companion To Mathematics,9780691118802,"Gowers, Timothy.; Barrow-Green, June; Leader, Imre",01-algebra,abstract-algebra,pending,,classifier=abstract-algebra,2026-06-26T00:22:25+00:00,
SRC-000633,A course in point set topology - Conway.pdf,D:\Readings\Topology\A course in point set topology - Conway.pdf,A course in point set topology,9783319023670,Conway,04-topology-and-geometry,point-set-topology,pending,,classifier=topology,2026-06-26T00:22:25+00:00,
SRC-000634,elementary-point-set-topology-a-transition-to-advanced-mathematics.pdf,D:\Readings\Topology\elementary-point-set-topology-a-transition-to-advanced-mathematics.pdf,elementary-point-set-topology-a-transition-to-advanced-mathematics,,Andr\'e L. Yandl,04-topology-and-geometry,point-set-topology,pending,,classifier=topology | local_bib=volume-v-complex-analysis | flags=manual_subject_review;missing_toc;needs_ocr,2026-06-26T00:22:25+00:00,
SRC-000635,Homotopy Theory - Introduction to Algebraic Topology - Gray.pdf,D:\Readings\Topology\Homotopy Theory - Introduction to Algebraic Topology - Gray.pdf,Homotopy Theory - Introduction to Algebraic Topology,0122960505,Gray,04-topology-and-geometry,point-set-topology,pending,,classifier=topology,2026-06-26T00:22:25+00:00,
SRC-000636,"Introduction to topology by Mendelson, Bert - 3rd Edition.pdf","D:\Readings\Topology\Introduction to topology by Mendelson, Bert - 3rd Edition.pdf",Introduction to topology,9780486663524,"Mendelson, Bert -",04-topology-and-geometry,point-set-topology,pending,,classifier=topology | local_bib=volume-v-complex-analysis,2026-06-26T00:22:25+00:00,
SRC-000638,IntroMetricTopologicalSpacesSutherland.pdf,D:\Readings\Topology\IntroMetricTopologicalSpacesSutherland.pdf,IntroMetricTopologicalSpacesSutherland,,,04-topology-and-geometry,point-set-topology,pending,,classifier=topology,2026-06-26T00:22:25+00:00,
SRC-000639,Point-Set Topology A Working Textbook - Lopez.pdf,D:\Readings\Topology\Point-Set Topology A Working Textbook - Lopez.pdf,Point-Set Topology A Working Textbook,9783031585128,Lopez,04-topology-and-geometry,point-set-topology,pending,,classifier=topology,2026-06-26T00:22:25+00:00,
SRC-000641,Topology - Manetti.pdf,D:\Readings\Topology\Topology - Manetti.pdf,Topology,9783031321412,Manetti,04-topology-and-geometry,point-set-topology,pending,,classifier=topology | local_bib=volume-v-complex-analysis,2026-06-26T00:22:25+00:00,
SRC-000643,Topology Without Tears - morris.pdf,D:\Readings\Topology\Topology Without Tears - morris.pdf,Topology Without Tears,,morris,04-topology-and-geometry,point-set-topology,pending,,classifier=topology,2026-06-26T00:22:25+00:00,
SRC-000644,Topology-Of_metric-Spaces.pdf,D:\Readings\Topology\Topology-Of_metric-Spaces.pdf,Topology of Metric Spaces,1842652508,S. Kumaresan,04-topology-and-geometry,point-set-topology,pending,,classifier=topology | local_bib=volume-v-complex-analysis,2026-06-26T00:22:25+00:00,
